date,-1000,-10011,-10012,-10013,-1003,-11000,-11001,-11002,-11003,-11004,-11005,-11006,-12002,-13000,-13001,-13004,-13005,-13006,-13008,-2001,-2002,-2003,-2004,-2005,-2007,-2008,-2009,-2010,-2011,-2013,-2014,-2015,-2016,-2017,-2018,-2020,-2021,-4001,-4002,-4003,-4004,-4006,-4007,-5001,-6001,-7001,-7002,-7003,-8002,-8003,-9000,-9003,-9010,-9011,-9012,-9013,-9024,-9031,-9032,-9035,-9036,-9037,-9038,-9050,-9051,-9060,-9061,-9110,1000
2014-10-23 -1000 1396
2014-10-22 -1000 1694
2014-10-21 -1000 1648
2014-10-20 -1000 1762
2014-10-19 -1000 1628
2014-10-18 -1000 1452
2014-10-17 -1000 1137
2014-10-16 -1000 1445
2014-10-15 -1000 1683
2014-10-14 -1000 2700
2014-10-13 -1000 3320
2014-10-12 -1000 3406
2014-10-11 -1000 3053
2014-10-10 -1000 2971
2014-10-09 -1000 3277
2014-10-08 -1000 4174
2014-10-07 -1000 2861
2014-10-06 -1000 3273
2014-10-05 -1000 3304
2014-10-04 -1000 3201
2014-10-03 -1000 3345
2014-10-02 -1000 3114
2014-10-01 -1000 3279
2014-09-29 -1000 3931
2014-09-28 -1000 13007
2014-09-27 -1000 16580
2014-09-26 -1000 14106
2014-09-25 -1000 10248
2014-09-24 -1000 19855
2014-09-23 -1000 30157
2014-09-22 -1000 24769
2014-09-21 -1000 31878
2014-09-20 -1000 26588
2014-09-19 -1000 60752
2014-09-18 -1000 32040
2014-09-17 -1000 51213
2014-09-16 -1000 25821
2014-09-15 -1000 44409
2014-09-14 -1000 45180
2014-09-13 -1000 32402
2014-09-12 -1000 22961
2014-09-11 -1000 32225
2014-09-10 -1000 21904
2014-09-09 -1000 35171
2014-09-08 -1000 19570
2014-09-07 -1000 14724
2014-09-06 -1000 45415
2014-09-05 -1000 21924
2014-09-04 -1000 23353
2014-09-03 -1000 48858
2014-09-02 -1000 37425
2014-09-01 -1000 45786
2014-08-31 -1000 18648
2014-08-30 -1000 3330
2014-08-29 -1000 12281
2014-08-28 -1000 4891
2014-08-27 -1000 15228
2014-08-26 -1000 10604
2014-08-25 -1000 4383
2014-08-24 -1000 2525
2014-08-23 -1000 9020
2014-08-22 -1000 10132
2014-08-21 -1000 7815
2014-08-20 -1000 8390
2014-08-19 -1000 7114
2014-08-18 -1000 3344
2014-08-17 -1000 8017
2014-08-16 -1000 3301
2014-08-15 -1000 3425
2014-08-14 -1000 4599
2014-08-13 -1000 113
2014-08-12 -1000 4485
2014-08-11 -1000 2703
2014-08-10 -1000 2996
2014-08-09 -1000 4123
2014-08-08 -1000 14075
2014-08-07 -1000 2202
2014-08-06 -1000 2124
2014-08-05 -1000 1836
2014-08-04 -1000 1802
2014-08-03 -1000 1904
2014-08-02 -1000 1629
2014-08-01 -1000 1789
2014-07-31 -1000 1880
2014-07-30 -1000 3072
2014-07-29 -1000 2166
2014-07-28 -1000 1712
2014-07-27 -1000 1851
2014-07-26 -1000 1754
2014-07-25 -1000 1882
2014-07-24 -1000 1973
2014-07-23 -1000 1758
2014-07-22 -1000 1952
2014-07-21 -1000 2164
2014-07-20 -1000 1943
2014-07-19 -1000 274
2014-07-18 -1000 2624
2014-07-17 -1000 1642
2014-07-16 -1000 1754
2014-10-23 -10011 28
2014-10-22 -10011 66
2014-10-21 -10011 510
2014-10-20 -10011 355
2014-10-19 -10011 722
2014-10-18 -10011 464
2014-10-17 -10011 340
2014-10-16 -10011 14
2014-10-15 -10011 227
2014-10-14 -10011 1090
2014-10-13 -10011 1312
2014-10-12 -10011 404
2014-10-11 -10011 1114
2014-10-10 -10011 1950
2014-10-09 -10011 2639
2014-10-08 -10011 1893
2014-10-07 -10011 1868
2014-10-06 -10011 1090
2014-10-05 -10011 1192
2014-10-04 -10011 1348
2014-10-03 -10011 1663
2014-10-02 -10011 1479
2014-10-01 -10011 1594
2014-09-29 -10011 339
2014-09-28 -10011 866
2014-09-27 -10011 1757
2014-09-26 -10011 1368
2014-09-25 -10011 1167
2014-09-24 -10011 1030
2014-09-23 -10011 1565
2014-09-22 -10011 762
2014-09-21 -10011 1491
2014-09-20 -10011 1103
2014-09-19 -10011 3904
2014-09-18 -10011 1217
2014-09-17 -10011 1568
2014-09-16 -10011 1375
2014-09-15 -10011 1544
2014-09-14 -10011 1721
2014-09-13 -10011 1904
2014-09-12 -10011 807
2014-09-11 -10011 1048
2014-09-10 -10011 453
2014-09-09 -10011 1717
2014-09-08 -10011 408
2014-09-07 -10011 686
2014-09-06 -10011 2272
2014-09-05 -10011 1296
2014-09-04 -10011 805
2014-09-03 -10011 2473
2014-09-02 -10011 3191
2014-09-01 -10011 4637
2014-08-31 -10011 1428
2014-08-30 -10011 422
2014-08-29 -10011 1264
2014-08-28 -10011 1121
2014-08-27 -10011 1778
2014-08-26 -10011 863
2014-08-25 -10011 322
2014-08-24 -10011 102
2014-08-23 -10011 758
2014-08-22 -10011 918
2014-08-21 -10011 587
2014-08-20 -10011 394
2014-08-19 -10011 803
2014-08-18 -10011 574
2014-08-17 -10011 2482
2014-08-16 -10011 453
2014-08-15 -10011 1107
2014-08-14 -10011 719
2014-08-13 -10011 25
2014-08-12 -10011 328
2014-08-11 -10011 556
2014-08-10 -10011 122
2014-08-09 -10011 830
2014-08-08 -10011 284
2014-08-07 -10011 192
2014-08-06 -10011 128
2014-08-05 -10011 140
2014-08-04 -10011 113
2014-08-03 -10011 299
2014-08-02 -10011 544
2014-08-01 -10011 110
2014-07-31 -10011 1446
2014-07-30 -10011 398
2014-07-29 -10011 199
2014-07-28 -10011 105
2014-07-27 -10011 421
2014-07-26 -10011 316
2014-07-25 -10011 142
2014-07-24 -10011 331
2014-07-23 -10011 197
2014-07-22 -10011 298
2014-07-21 -10011 697
2014-07-20 -10011 1056
2014-07-19 -10011 56
2014-07-18 -10011 947
2014-07-17 -10011 726
2014-07-16 -10011 534
2014-10-23 -10012 115
2014-10-22 -10012 115
2014-10-21 -10012 884
2014-10-20 -10012 899
2014-10-19 -10012 994
2014-10-18 -10012 864
2014-10-17 -10012 455
2014-10-16 -10012 68
2014-10-15 -10012 522
2014-10-14 -10012 1802
2014-10-13 -10012 1758
2014-10-12 -10012 632
2014-10-11 -10012 1701
2014-10-10 -10012 2882
2014-10-09 -10012 3707
2014-10-08 -10012 2565
2014-10-07 -10012 2363
2014-10-06 -10012 1761
2014-10-05 -10012 1992
2014-10-04 -10012 1826
2014-10-03 -10012 1871
2014-10-02 -10012 1821
2014-10-01 -10012 2194
2014-09-29 -10012 391
2014-09-28 -10012 1235
2014-09-27 -10012 2374
2014-09-26 -10012 2079
2014-09-25 -10012 1919
2014-09-24 -10012 1513
2014-09-23 -10012 2171
2014-09-22 -10012 1091
2014-09-21 -10012 1935
2014-09-20 -10012 1617
2014-09-19 -10012 4563
2014-09-18 -10012 1824
2014-09-17 -10012 2244
2014-09-16 -10012 2017
2014-09-15 -10012 2741
2014-09-14 -10012 2726
2014-09-13 -10012 2888
2014-09-12 -10012 1532
2014-09-11 -10012 1352
2014-09-10 -10012 613
2014-09-09 -10012 2010
2014-09-08 -10012 439
2014-09-07 -10012 910
2014-09-06 -10012 2571
2014-09-05 -10012 1686
2014-09-04 -10012 929
2014-09-03 -10012 2509
2014-09-02 -10012 3124
2014-09-01 -10012 3518
2014-08-31 -10012 1156
2014-08-30 -10012 295
2014-08-29 -10012 1094
2014-08-28 -10012 1038
2014-08-27 -10012 1672
2014-08-26 -10012 863
2014-08-25 -10012 329
2014-08-24 -10012 151
2014-08-23 -10012 576
2014-08-22 -10012 712
2014-08-21 -10012 615
2014-08-20 -10012 366
2014-08-19 -10012 401
2014-08-18 -10012 294
2014-08-17 -10012 990
2014-08-16 -10012 331
2014-08-15 -10012 569
2014-08-14 -10012 493
2014-08-13 -10012 11
2014-08-12 -10012 319
2014-08-11 -10012 419
2014-08-10 -10012 152
2014-08-09 -10012 635
2014-08-08 -10012 256
2014-08-07 -10012 136
2014-08-06 -10012 105
2014-08-05 -10012 114
2014-08-04 -10012 99
2014-08-03 -10012 171
2014-08-02 -10012 469
2014-08-01 -10012 135
2014-07-31 -10012 762
2014-07-30 -10012 285
2014-07-29 -10012 164
2014-07-28 -10012 161
2014-07-27 -10012 327
2014-07-26 -10012 287
2014-07-25 -10012 201
2014-07-24 -10012 336
2014-07-23 -10012 128
2014-07-22 -10012 230
2014-07-21 -10012 238
2014-07-20 -10012 771
2014-07-19 -10012 57
2014-07-18 -10012 725
2014-07-17 -10012 625
2014-07-16 -10012 316
2014-10-23 -10013 49
2014-10-22 -10013 25
2014-10-21 -10013 32
2014-10-20 -10013 43
2014-10-19 -10013 32
2014-10-18 -10013 25
2014-10-17 -10013 24
2014-10-16 -10013 22
2014-10-15 -10013 35
2014-10-14 -10013 29
2014-10-13 -10013 31
2014-10-12 -10013 78
2014-10-11 -10013 89
2014-10-10 -10013 47
2014-10-09 -10013 56
2014-10-08 -10013 32
2014-10-07 -10013 36
2014-10-06 -10013 39
2014-10-05 -10013 42
2014-10-04 -10013 33
2014-10-03 -10013 28
2014-10-02 -10013 23
2014-10-01 -10013 42
2014-09-29 -10013 21
2014-09-28 -10013 34
2014-09-27 -10013 47
2014-09-26 -10013 24
2014-09-25 -10013 27
2014-09-24 -10013 35
2014-09-23 -10013 33
2014-09-22 -10013 34
2014-09-21 -10013 26
2014-09-20 -10013 37
2014-09-19 -10013 36
2014-09-18 -10013 29
2014-09-17 -10013 30
2014-09-16 -10013 25
2014-09-15 -10013 25
2014-09-14 -10013 20
2014-09-13 -10013 33
2014-09-12 -10013 28
2014-09-11 -10013 23
2014-09-10 -10013 17
2014-09-09 -10013 22
2014-09-08 -10013 18
2014-09-07 -10013 16
2014-09-06 -10013 35
2014-09-05 -10013 27
2014-09-04 -10013 21
2014-09-03 -10013 36
2014-09-02 -10013 36
2014-09-01 -10013 17
2014-08-31 -10013 25
2014-08-30 -10013 18
2014-08-29 -10013 27
2014-08-28 -10013 29
2014-08-27 -10013 32
2014-08-26 -10013 29
2014-08-25 -10013 31
2014-08-24 -10013 33
2014-08-23 -10013 26
2014-08-22 -10013 28
2014-08-21 -10013 37
2014-08-20 -10013 28
2014-08-19 -10013 51
2014-08-18 -10013 48
2014-08-17 -10013 62
2014-08-16 -10013 53
2014-08-15 -10013 62
2014-08-14 -10013 76
2014-08-13 -10013 2
2014-08-12 -10013 139
2014-08-11 -10013 118
2014-08-10 -10013 116
2014-08-09 -10013 86
2014-08-08 -10013 91
2014-08-07 -10013 89
2014-08-06 -10013 132
2014-08-05 -10013 187
2014-08-04 -10013 173
2014-08-03 -10013 180
2014-08-02 -10013 197
2014-08-01 -10013 139
2014-07-31 -10013 178
2014-07-30 -10013 214
2014-07-29 -10013 153
2014-07-28 -10013 223
2014-07-27 -10013 199
2014-07-26 -10013 192
2014-07-25 -10013 210
2014-07-24 -10013 247
2014-07-23 -10013 203
2014-07-22 -10013 265
2014-07-21 -10013 302
2014-07-20 -10013 270
2014-07-19 -10013 74
2014-07-18 -10013 204
2014-07-17 -10013 179
2014-07-16 -10013 398
2014-10-23 -1003 2
2014-10-19 -1003 1
2014-10-16 -1003 2
2014-10-14 -1003 26
2014-10-13 -1003 25
2014-10-12 -1003 1
2014-10-11 -1003 2
2014-10-08 -1003 156
2014-10-07 -1003 30
2014-10-06 -1003 60
2014-10-05 -1003 20
2014-10-03 -1003 24
2014-10-02 -1003 109
2014-10-01 -1003 13
2014-09-29 -1003 1
2014-09-28 -1003 29
2014-09-27 -1003 1
2014-09-25 -1003 70
2014-09-24 -1003 42
2014-09-23 -1003 7
2014-09-22 -1003 19
2014-09-21 -1003 1
2014-09-20 -1003 5
2014-09-19 -1003 4
2014-09-18 -1003 5
2014-09-17 -1003 28
2014-09-16 -1003 41
2014-09-15 -1003 18
2014-09-14 -1003 47
2014-09-13 -1003 5
2014-09-12 -1003 5
2014-09-11 -1003 17
2014-09-10 -1003 23
2014-09-09 -1003 3
2014-09-08 -1003 62
2014-09-07 -1003 18
2014-09-06 -1003 11
2014-09-05 -1003 11
2014-09-04 -1003 13
2014-09-03 -1003 28
2014-09-02 -1003 5
2014-09-01 -1003 1
2014-08-30 -1003 9
2014-08-28 -1003 27
2014-08-27 -1003 6
2014-08-26 -1003 27
2014-08-25 -1003 65
2014-08-24 -1003 4
2014-08-23 -1003 47
2014-08-22 -1003 26
2014-08-21 -1003 9
2014-08-20 -1003 68
2014-08-19 -1003 52
2014-08-18 -1003 8
2014-08-17 -1003 47
2014-08-16 -1003 2
2014-08-15 -1003 1
2014-08-14 -1003 2
2014-08-12 -1003 20
2014-08-11 -1003 14
2014-08-10 -1003 40
2014-08-09 -1003 59
2014-08-08 -1003 3
2014-08-07 -1003 9
2014-08-06 -1003 121
2014-08-05 -1003 1
2014-08-04 -1003 56
2014-08-03 -1003 2
2014-08-02 -1003 12
2014-08-01 -1003 7
2014-07-31 -1003 5
2014-07-30 -1003 87
2014-07-28 -1003 11
2014-07-27 -1003 8
2014-07-26 -1003 4
2014-07-25 -1003 19
2014-07-24 -1003 36
2014-07-23 -1003 35
2014-07-22 -1003 1
2014-07-21 -1003 77
2014-07-20 -1003 9
2014-07-19 -1003 15
2014-07-18 -1003 37
2014-07-17 -1003 37
2014-07-16 -1003 39
2014-10-23 -11000 197
2014-10-22 -11000 195
2014-10-21 -11000 178
2014-10-20 -11000 193
2014-10-19 -11000 254
2014-10-18 -11000 259
2014-10-17 -11000 195
2014-10-16 -11000 155
2014-10-15 -11000 217
2014-10-14 -11000 274
2014-10-13 -11000 301
2014-10-12 -11000 324
2014-10-11 -11000 364
2014-10-10 -11000 344
2014-10-09 -11000 324
2014-10-08 -11000 330
2014-10-07 -11000 370
2014-10-06 -11000 365
2014-10-05 -11000 338
2014-10-04 -11000 382
2014-10-03 -11000 344
2014-10-02 -11000 317
2014-10-01 -11000 338
2014-09-29 -11000 220
2014-09-28 -11000 322
2014-09-27 -11000 356
2014-09-26 -11000 303
2014-09-25 -11000 299
2014-09-24 -11000 362
2014-09-23 -11000 373
2014-09-22 -11000 330
2014-09-21 -11000 422
2014-09-20 -11000 422
2014-09-19 -11000 373
2014-09-18 -11000 307
2014-09-17 -11000 430
2014-09-16 -11000 328
2014-09-15 -11000 368
2014-09-14 -11000 514
2014-09-13 -11000 392
2014-09-12 -11000 406
2014-09-11 -11000 427
2014-09-10 -11000 439
2014-09-09 -11000 410
2014-09-08 -11000 477
2014-09-07 -11000 436
2014-09-06 -11000 579
2014-09-05 -11000 492
2014-09-04 -11000 515
2014-09-03 -11000 460
2014-09-02 -11000 461
2014-09-01 -11000 436
2014-08-31 -11000 446
2014-08-30 -11000 513
2014-08-29 -11000 467
2014-08-28 -11000 493
2014-08-27 -11000 515
2014-08-26 -11000 500
2014-08-25 -11000 540
2014-08-24 -11000 558
2014-08-23 -11000 480
2014-08-22 -11000 511
2014-08-21 -11000 509
2014-08-20 -11000 460
2014-08-19 -11000 522
2014-08-18 -11000 543
2014-08-17 -11000 569
2014-08-16 -11000 537
2014-08-15 -11000 491
2014-08-14 -11000 544
2014-08-13 -11000 29
2014-08-12 -11000 592
2014-08-11 -11000 494
2014-08-10 -11000 533
2014-08-09 -11000 564
2014-08-08 -11000 653
2014-08-07 -11000 614
2014-08-06 -11000 538
2014-08-05 -11000 350
2014-08-04 -11000 329
2014-08-03 -11000 301
2014-08-02 -11000 293
2014-08-01 -11000 283
2014-07-31 -11000 305
2014-07-30 -11000 300
2014-07-29 -11000 323
2014-07-28 -11000 244
2014-07-27 -11000 252
2014-07-26 -11000 236
2014-07-25 -11000 245
2014-07-24 -11000 246
2014-07-23 -11000 233
2014-07-22 -11000 274
2014-07-21 -11000 289
2014-07-20 -11000 279
2014-07-19 -11000 45
2014-07-18 -11000 310
2014-07-17 -11000 260
2014-07-16 -11000 282
2014-10-16 -11001 387
2014-10-15 -11001 17
2014-10-20 -11002 19
2014-10-16 -11002 28
2014-10-15 -11002 62
2014-10-08 -11002 6
2014-10-07 -11002 11
2014-08-21 -11002 10
2014-08-20 -11002 7
2014-08-19 -11002 1
2014-08-18 -11002 1
2014-08-16 -11002 1
2014-08-15 -11002 4
2014-08-14 -11002 3
2014-08-12 -11002 1
2014-08-11 -11002 1
2014-08-10 -11002 1
2014-08-08 -11002 2
2014-08-07 -11002 2
2014-08-06 -11002 2
2014-08-04 -11002 1
2014-08-03 -11002 1
2014-08-02 -11002 1
2014-08-01 -11002 1
2014-07-28 -11002 1
2014-07-25 -11002 1
2014-07-16 -11002 1
2014-10-23 -11003 1
2014-10-18 -11003 1
2014-10-17 -11003 4
2014-10-14 -11003 1
2014-10-13 -11003 1
2014-10-10 -11003 1
2014-10-08 -11003 13
2014-10-07 -11003 17
2014-09-21 -11003 2
2014-09-19 -11003 2
2014-09-18 -11003 7
2014-09-14 -11003 2
2014-09-10 -11003 7
2014-09-07 -11003 1
2014-09-04 -11003 2
2014-08-31 -11003 1
2014-08-30 -11003 3
2014-08-29 -11003 3
2014-08-28 -11003 1
2014-08-27 -11003 6
2014-08-26 -11003 1
2014-08-22 -11003 1
2014-08-21 -11003 8
2014-08-17 -11003 1
2014-08-15 -11003 1
2014-08-13 -11003 1
2014-08-11 -11003 1
2014-08-08 -11003 1
2014-08-07 -11003 1
2014-08-06 -11003 2
2014-08-05 -11003 6
2014-08-02 -11003 3
2014-08-01 -11003 5
2014-07-31 -11003 12
2014-07-30 -11003 1
2014-07-26 -11003 1
2014-07-25 -11003 2
2014-07-24 -11003 1
2014-07-23 -11003 3
2014-07-18 -11003 4
2014-07-17 -11003 15
2014-07-16 -11003 4
2014-10-23 -11004 601
2014-10-22 -11004 778
2014-10-21 -11004 478
2014-10-20 -11004 406
2014-10-19 -11004 901
2014-10-18 -11004 1371
2014-10-17 -11004 412
2014-10-16 -11004 484
2014-10-15 -11004 671
2014-10-14 -11004 692
2014-10-13 -11004 653
2014-10-12 -11004 780
2014-10-11 -11004 763
2014-10-10 -11004 790
2014-10-09 -11004 803
2014-10-08 -11004 873
2014-10-07 -11004 855
2014-10-06 -11004 797
2014-10-05 -11004 1160
2014-10-04 -11004 1007
2014-10-03 -11004 962
2014-10-02 -11004 1003
2014-10-01 -11004 987
2014-09-29 -11004 583
2014-09-28 -11004 785
2014-09-27 -11004 733
2014-09-26 -11004 894
2014-09-25 -11004 723
2014-09-24 -11004 809
2014-09-23 -11004 767
2014-09-22 -11004 672
2014-09-21 -11004 1068
2014-09-20 -11004 820
2014-09-19 -11004 594
2014-09-18 -11004 869
2014-09-17 -11004 880
2014-09-16 -11004 760
2014-09-15 -11004 967
2014-09-14 -11004 1129
2014-09-13 -11004 878
2014-09-12 -11004 1082
2014-09-11 -11004 1095
2014-09-10 -11004 755
2014-09-09 -11004 839
2014-09-08 -11004 903
2014-09-07 -11004 728
2014-09-06 -11004 1157
2014-09-05 -11004 929
2014-09-04 -11004 1007
2014-09-03 -11004 1261
2014-09-02 -11004 850
2014-09-01 -11004 736
2014-08-31 -11004 831
2014-08-30 -11004 1010
2014-08-29 -11004 932
2014-08-28 -11004 999
2014-08-27 -11004 946
2014-08-26 -11004 1010
2014-08-25 -11004 926
2014-08-24 -11004 1010
2014-08-23 -11004 997
2014-08-22 -11004 978
2014-08-21 -11004 1001
2014-08-20 -11004 1018
2014-08-19 -11004 1075
2014-08-18 -11004 1089
2014-08-17 -11004 1408
2014-08-16 -11004 1084
2014-08-15 -11004 880
2014-08-14 -11004 986
2014-08-13 -11004 93
2014-08-12 -11004 1246
2014-08-11 -11004 1163
2014-08-10 -11004 1608
2014-08-09 -11004 1099
2014-08-08 -11004 1361
2014-08-07 -11004 1486
2014-08-06 -11004 1992
2014-08-05 -11004 1974
2014-08-04 -11004 2046
2014-08-03 -11004 2552
2014-08-02 -11004 2204
2014-08-01 -11004 1641
2014-07-31 -11004 2068
2014-07-30 -11004 2574
2014-07-29 -11004 2947
2014-07-28 -11004 3285
2014-07-27 -11004 3244
2014-07-26 -11004 2408
2014-07-25 -11004 2521
2014-07-24 -11004 2669
2014-07-23 -11004 3364
2014-07-22 -11004 4078
2014-07-21 -11004 3894
2014-07-20 -11004 4391
2014-07-19 -11004 1066
2014-07-18 -11004 4362
2014-07-17 -11004 4678
2014-07-16 -11004 4558
2014-10-21 -11005 2
2014-10-20 -11005 3
2014-10-19 -11005 1
2014-10-18 -11005 1
2014-10-17 -11005 3
2014-10-15 -11005 4
2014-10-14 -11005 2
2014-10-13 -11005 3
2014-10-09 -11005 2
2014-10-08 -11005 1
2014-10-07 -11005 3
2014-10-06 -11005 2
2014-10-03 -11005 1
2014-10-02 -11005 3
2014-10-01 -11005 2
2014-09-29 -11005 1
2014-09-27 -11005 2
2014-09-26 -11005 3
2014-09-25 -11005 5
2014-09-24 -11005 5
2014-09-23 -11005 3
2014-09-22 -11005 5
2014-09-21 -11005 5
2014-09-20 -11005 8
2014-09-19 -11005 1
2014-09-18 -11005 6
2014-09-17 -11005 6
2014-09-16 -11005 4
2014-09-15 -11005 6
2014-09-14 -11005 3
2014-09-13 -11005 3
2014-09-12 -11005 10
2014-09-10 -11005 3
2014-09-09 -11005 2
2014-09-08 -11005 2
2014-09-06 -11005 4
2014-09-05 -11005 3
2014-09-04 -11005 2
2014-09-03 -11005 5
2014-09-01 -11005 4
2014-08-31 -11005 4
2014-08-30 -11005 1
2014-08-29 -11005 1
2014-08-28 -11005 2
2014-08-27 -11005 6
2014-08-24 -11005 2
2014-08-23 -11005 2
2014-08-21 -11005 3
2014-08-20 -11005 4
2014-08-17 -11005 6
2014-08-16 -11005 7
2014-08-15 -11005 4
2014-08-14 -11005 17
2014-08-13 -11005 1
2014-08-12 -11005 16
2014-08-11 -11005 12
2014-08-10 -11005 14
2014-08-09 -11005 14
2014-08-08 -11005 15
2014-08-07 -11005 30
2014-08-06 -11005 67
2014-08-05 -11005 108
2014-08-04 -11005 162
2014-08-03 -11005 155
2014-08-02 -11005 134
2014-08-01 -11005 150
2014-07-31 -11005 158
2014-07-30 -11005 175
2014-07-29 -11005 174
2014-07-28 -11005 139
2014-07-27 -11005 185
2014-07-26 -11005 171
2014-07-25 -11005 170
2014-07-24 -11005 219
2014-07-23 -11005 219
2014-07-22 -11005 241
2014-07-21 -11005 206
2014-07-20 -11005 240
2014-07-19 -11005 20
2014-07-18 -11005 218
2014-07-17 -11005 224
2014-07-16 -11005 182
2014-10-21 -11006 1
2014-10-20 -11006 1
2014-10-12 -11006 1
2014-09-01 -11006 1
2014-08-31 -11006 1
2014-08-30 -11006 2
2014-08-29 -11006 1
2014-08-27 -11006 2
2014-08-25 -11006 1
2014-08-21 -11006 1
2014-08-16 -11006 1
2014-08-15 -11006 1
2014-08-14 -11006 3
2014-08-11 -11006 2
2014-08-07 -11006 1
2014-08-05 -11006 2
2014-08-02 -11006 1
2014-07-31 -11006 1
2014-07-28 -11006 1
2014-07-26 -11006 1
2014-07-24 -11006 1
2014-07-21 -11006 1
2014-07-20 -11006 2
2014-07-17 -11006 2
2014-07-16 -11006 1
2014-10-23 -12002 168
2014-10-22 -12002 215
2014-10-21 -12002 161
2014-10-20 -12002 199
2014-10-19 -12002 181
2014-10-18 -12002 146
2014-10-17 -12002 144
2014-10-16 -12002 136
2014-10-15 -12002 151
2014-10-14 -12002 94
2014-10-13 -12002 57
2014-10-12 -12002 98
2014-10-11 -12002 113
2014-10-10 -12002 96
2014-10-09 -12002 71
2014-10-08 -12002 38
2014-10-07 -12002 1
2014-09-21 -12002 3
2014-09-19 -12002 2
2014-09-18 -12002 2
2014-09-17 -12002 3
2014-09-15 -12002 1
2014-09-14 -12002 2
2014-09-13 -12002 2
2014-09-12 -12002 1
2014-09-09 -12002 1
2014-09-08 -12002 1
2014-09-07 -12002 1
2014-09-06 -12002 5
2014-09-05 -12002 2
2014-09-02 -12002 2
2014-09-01 -12002 1
2014-08-31 -12002 1
2014-08-29 -12002 6
2014-08-28 -12002 6
2014-08-27 -12002 3
2014-08-26 -12002 6
2014-08-25 -12002 5
2014-08-24 -12002 2
2014-08-23 -12002 5
2014-08-22 -12002 5
2014-08-21 -12002 8
2014-08-20 -12002 5
2014-08-19 -12002 6
2014-08-18 -12002 5
2014-08-17 -12002 8
2014-08-16 -12002 7
2014-08-15 -12002 9
2014-08-14 -12002 2
2014-08-13 -12002 3
2014-08-12 -12002 6
2014-08-11 -12002 6
2014-08-10 -12002 12
2014-08-09 -12002 3
2014-08-08 -12002 3
2014-08-07 -12002 10
2014-08-06 -12002 10
2014-08-05 -12002 5
2014-08-04 -12002 1
2014-08-03 -12002 6
2014-08-02 -12002 2
2014-07-31 -12002 3
2014-07-30 -12002 10
2014-07-29 -12002 2
2014-10-23 -13000 1472
2014-10-22 -13000 1542
2014-10-21 -13000 1708
2014-10-20 -13000 1627
2014-10-19 -13000 1469
2014-10-18 -13000 1472
2014-10-17 -13000 1236
2014-10-16 -13000 1441
2014-10-15 -13000 1489
2014-10-14 -13000 2044
2014-10-13 -13000 1719
2014-10-12 -13000 2246
2014-10-11 -13000 1977
2014-10-10 -13000 1372
2014-10-09 -13000 1575
2014-10-08 -13000 1832
2014-10-07 -13000 1956
2014-10-06 -13000 1774
2014-10-05 -13000 2316
2014-10-04 -13000 1658
2014-10-03 -13000 1713
2014-10-02 -13000 1498
2014-10-01 -13000 1471
2014-09-29 -13000 1000
2014-09-28 -13000 1400
2014-09-27 -13000 1646
2014-09-26 -13000 1401
2014-09-25 -13000 1440
2014-09-24 -13000 1760
2014-09-23 -13000 1871
2014-09-22 -13000 2146
2014-09-21 -13000 2161
2014-09-20 -13000 2004
2014-09-19 -13000 1905
2014-09-18 -13000 1985
2014-09-17 -13000 2005
2014-09-16 -13000 2191
2014-09-15 -13000 1941
2014-09-14 -13000 2110
2014-09-13 -13000 1791
2014-09-12 -13000 1976
2014-09-11 -13000 2215
2014-09-10 -13000 2386
2014-09-09 -13000 1712
2014-09-08 -13000 1639
2014-09-07 -13000 1533
2014-09-06 -13000 2389
2014-09-05 -13000 2261
2014-09-04 -13000 1859
2014-09-03 -13000 2318
2014-09-02 -13000 2141
2014-09-01 -13000 1670
2014-08-31 -13000 1839
2014-08-30 -13000 1889
2014-08-29 -13000 1921
2014-08-28 -13000 1850
2014-08-27 -13000 1563
2014-08-26 -13000 1723
2014-08-25 -13000 1669
2014-08-24 -13000 1833
2014-08-23 -13000 1611
2014-08-22 -13000 1705
2014-08-21 -13000 1451
2014-08-20 -13000 1476
2014-08-19 -13000 1558
2014-08-18 -13000 1554
2014-08-17 -13000 1666
2014-08-16 -13000 1539
2014-08-15 -13000 1467
2014-08-14 -13000 1663
2014-08-13 -13000 93
2014-08-12 -13000 1796
2014-08-11 -13000 1652
2014-08-10 -13000 1458
2014-08-09 -13000 1654
2014-08-08 -13000 1338
2014-08-07 -13000 1243
2014-08-06 -13000 640
2014-08-05 -13000 85
2014-08-04 -13000 9
2014-08-03 -13000 1
2014-08-02 -13000 10
2014-08-01 -13000 12
2014-07-31 -13000 5
2014-07-30 -13000 7
2014-10-23 -13001 6
2014-10-22 -13001 2
2014-10-21 -13001 11
2014-10-20 -13001 7
2014-10-19 -13001 6
2014-10-18 -13001 12
2014-10-17 -13001 11
2014-10-16 -13001 8
2014-10-15 -13001 8
2014-10-14 -13001 12
2014-10-13 -13001 22
2014-10-12 -13001 33
2014-10-11 -13001 101
2014-10-10 -13001 355
2014-10-09 -13001 513
2014-10-08 -13001 531
2014-10-07 -13001 255
2014-10-06 -13001 245
2014-10-05 -13001 237
2014-10-04 -13001 253
2014-10-03 -13001 267
2014-10-02 -13001 249
2014-10-01 -13001 247
2014-09-29 -13001 4
2014-09-26 -13001 1
2014-09-24 -13001 1
2014-09-23 -13001 8
2014-09-22 -13001 7
2014-09-21 -13001 11
2014-09-20 -13001 1
2014-09-19 -13001 3
2014-09-17 -13001 12
2014-09-16 -13001 41
2014-09-15 -13001 17
2014-09-14 -13001 6
2014-09-13 -13001 15
2014-09-12 -13001 128
2014-09-11 -13001 30
2014-10-23 -13004 9782
2014-10-22 -13004 9471
2014-10-21 -13004 9631
2014-10-20 -13004 9399
2014-10-19 -13004 11632
2014-10-18 -13004 10212
2014-10-17 -13004 9395
2014-10-16 -13004 9734
2014-10-15 -13004 8085
2014-10-14 -13004 4225
2014-10-13 -13004 3912
2014-10-12 -13004 5352
2014-10-11 -13004 4768
2014-10-10 -13004 4422
2014-10-09 -13004 3939
2014-10-08 -13004 4243
2014-10-07 -13004 4770
2014-10-06 -13004 5591
2014-10-05 -13004 6165
2014-10-04 -13004 6695
2014-10-03 -13004 5466
2014-10-02 -13004 5948
2014-10-01 -13004 4731
2014-09-29 -13004 1986
2014-09-28 -13004 2827
2014-09-27 -13004 3212
2014-09-26 -13004 2551
2014-09-25 -13004 2776
2014-09-24 -13004 3238
2014-09-23 -13004 1109
2014-09-22 -13004 386
2014-09-21 -13004 679
2014-09-20 -13004 76
2014-09-19 -13004 4
2014-09-18 -13004 3
2014-09-17 -13004 2
2014-10-23 -13005 1171
2014-10-22 -13005 1107
2014-10-21 -13005 1102
2014-10-20 -13005 1012
2014-10-19 -13005 1135
2014-10-18 -13005 1024
2014-10-17 -13005 905
2014-10-16 -13005 891
2014-10-15 -13005 540
2014-10-14 -13005 367
2014-10-13 -13005 309
2014-10-12 -13005 456
2014-10-11 -13005 406
2014-10-10 -13005 350
2014-10-09 -13005 324
2014-10-08 -13005 365
2014-10-07 -13005 666
2014-10-06 -13005 579
2014-10-05 -13005 571
2014-10-04 -13005 489
2014-10-03 -13005 417
2014-10-02 -13005 512
2014-10-01 -13005 492
2014-09-29 -13005 208
2014-09-28 -13005 281
2014-09-27 -13005 428
2014-09-26 -13005 289
2014-09-25 -13005 255
2014-09-24 -13005 321
2014-09-23 -13005 104
2014-09-22 -13005 28
2014-09-21 -13005 48
2014-09-20 -13005 13
2014-09-17 -13005 1
2014-10-23 -13006 1283
2014-10-22 -13006 1166
2014-10-21 -13006 1198
2014-10-20 -13006 1126
2014-10-19 -13006 1313
2014-10-18 -13006 1111
2014-10-17 -13006 1012
2014-10-16 -13006 1141
2014-10-15 -13006 1323
2014-10-14 -13006 1192
2014-10-13 -13006 1467
2014-10-12 -13006 1550
2014-10-11 -13006 1783
2014-10-10 -13006 1570
2014-10-09 -13006 1459
2014-10-08 -13006 1116
2014-10-07 -13006 820
2014-10-06 -13006 972
2014-10-05 -13006 970
2014-10-04 -13006 999
2014-10-03 -13006 893
2014-10-02 -13006 921
2014-10-01 -13006 843
2014-10-23 -13008 1213
2014-10-22 -13008 1281
2014-10-21 -13008 1161
2014-10-20 -13008 390
2014-10-15 -13008 8236
2014-10-14 -13008 6814
2014-10-13 -13008 2335
2014-10-12 -13008 3416
2014-10-11 -13008 2932
2014-10-10 -13008 3125
2014-10-09 -13008 3044
2014-10-08 -13008 3251
2014-10-07 -13008 1155
2014-10-23 -2001 289
2014-10-22 -2001 377
2014-10-21 -2001 379
2014-10-20 -2001 411
2014-10-19 -2001 461
2014-10-18 -2001 432
2014-10-17 -2001 394
2014-10-16 -2001 663
2014-10-15 -2001 1453
2014-10-14 -2001 415
2014-10-13 -2001 465
2014-10-12 -2001 514
2014-10-11 -2001 532
2014-10-10 -2001 413
2014-10-09 -2001 623
2014-10-08 -2001 1138
2014-10-07 -2001 2599
2014-10-06 -2001 2446
2014-10-05 -2001 2697
2014-10-04 -2001 2573
2014-10-03 -2001 2321
2014-10-02 -2001 2490
2014-10-01 -2001 2648
2014-09-29 -2001 2167
2014-09-28 -2001 4785
2014-09-27 -2001 9569
2014-09-26 -2001 6087
2014-09-25 -2001 5013
2014-09-24 -2001 9973
2014-09-23 -2001 14503
2014-09-22 -2001 13155
2014-09-21 -2001 19448
2014-09-20 -2001 19382
2014-09-19 -2001 53574
2014-09-18 -2001 24923
2014-09-17 -2001 43272
2014-09-16 -2001 18544
2014-09-15 -2001 37181
2014-09-14 -2001 37342
2014-09-13 -2001 24785
2014-09-12 -2001 14942
2014-09-11 -2001 25142
2014-09-10 -2001 15595
2014-09-09 -2001 29431
2014-09-08 -2001 10708
2014-09-07 -2001 10718
2014-09-06 -2001 40811
2014-09-05 -2001 17661
2014-09-04 -2001 18986
2014-09-03 -2001 45208
2014-09-02 -2001 34885
2014-09-01 -2001 42195
2014-08-31 -2001 1049
2014-08-30 -2001 899
2014-08-29 -2001 1333
2014-08-28 -2001 821
2014-08-27 -2001 9639
2014-08-26 -2001 9383
2014-08-25 -2001 2908
2014-08-24 -2001 1321
2014-08-23 -2001 7758
2014-08-22 -2001 8904
2014-08-21 -2001 6115
2014-08-20 -2001 6414
2014-08-19 -2001 4714
2014-08-18 -2001 1373
2014-08-17 -2001 5714
2014-08-16 -2001 1133
2014-08-15 -2001 1869
2014-08-14 -2001 3325
2014-08-13 -2001 105
2014-08-12 -2001 3989
2014-08-11 -2001 1792
2014-08-10 -2001 2039
2014-08-09 -2001 3448
2014-08-08 -2001 13368
2014-08-07 -2001 1967
2014-08-06 -2001 1894
2014-08-05 -2001 1835
2014-08-04 -2001 2693
2014-08-03 -2001 2806
2014-08-02 -2001 2872
2014-08-01 -2001 2826
2014-07-31 -2001 1797
2014-07-30 -2001 87
2014-07-29 -2001 122
2014-07-28 -2001 111
2014-07-27 -2001 83
2014-07-26 -2001 100
2014-07-25 -2001 62
2014-07-24 -2001 105
2014-07-23 -2001 139
2014-07-22 -2001 71
2014-07-21 -2001 122
2014-07-20 -2001 116
2014-07-19 -2001 13
2014-07-18 -2001 2309
2014-07-17 -2001 4393
2014-07-16 -2001 4058
2014-10-02 -2002 1
2014-09-22 -2002 5
2014-09-20 -2002 2
2014-09-03 -2002 2
2014-08-20 -2002 2
2014-08-18 -2002 1
2014-08-01 -2002 1
2014-07-31 -2002 5
2014-10-23 -2003 172
2014-10-22 -2003 193
2014-10-21 -2003 256
2014-10-20 -2003 215
2014-10-19 -2003 198
2014-10-18 -2003 228
2014-10-17 -2003 300
2014-10-16 -2003 265
2014-10-15 -2003 400
2014-10-14 -2003 196
2014-10-13 -2003 40
2014-10-12 -2003 55
2014-10-11 -2003 81
2014-10-10 -2003 56
2014-10-09 -2003 46
2014-10-08 -2003 54
2014-10-07 -2003 114
2014-10-06 -2003 52
2014-10-05 -2003 65
2014-10-04 -2003 57
2014-10-03 -2003 45
2014-10-02 -2003 86
2014-10-01 -2003 69
2014-09-29 -2003 21
2014-09-28 -2003 33
2014-09-27 -2003 56
2014-09-26 -2003 67
2014-09-25 -2003 67
2014-09-24 -2003 83
2014-09-23 -2003 39
2014-09-22 -2003 72
2014-09-21 -2003 77
2014-09-20 -2003 65
2014-09-19 -2003 40
2014-09-18 -2003 57
2014-09-17 -2003 75
2014-09-16 -2003 56
2014-09-15 -2003 58
2014-09-14 -2003 62
2014-09-13 -2003 75
2014-09-12 -2003 65
2014-09-11 -2003 57
2014-09-10 -2003 62
2014-09-09 -2003 45
2014-09-08 -2003 67
2014-09-07 -2003 73
2014-09-06 -2003 77
2014-09-05 -2003 60
2014-09-04 -2003 52
2014-09-03 -2003 72
2014-09-02 -2003 49
2014-09-01 -2003 69
2014-08-31 -2003 58
2014-08-30 -2003 70
2014-08-29 -2003 56
2014-08-28 -2003 83
2014-08-27 -2003 83
2014-08-26 -2003 74
2014-08-25 -2003 71
2014-08-24 -2003 120
2014-08-23 -2003 165
2014-08-22 -2003 58
2014-08-21 -2003 58
2014-08-20 -2003 33
2014-08-19 -2003 52
2014-08-18 -2003 73
2014-08-17 -2003 48
2014-08-16 -2003 22
2014-08-15 -2003 31
2014-08-14 -2003 66
2014-08-13 -2003 4
2014-08-12 -2003 58
2014-08-11 -2003 66
2014-08-10 -2003 52
2014-08-09 -2003 45
2014-08-08 -2003 70
2014-08-07 -2003 49
2014-08-06 -2003 27
2014-08-05 -2003 20
2014-08-04 -2003 32
2014-08-03 -2003 28
2014-08-02 -2003 22
2014-08-01 -2003 42
2014-07-31 -2003 5
2014-07-30 -2003 23
2014-07-29 -2003 9
2014-07-28 -2003 10
2014-07-27 -2003 6
2014-07-26 -2003 9
2014-07-25 -2003 4
2014-07-24 -2003 1
2014-07-23 -2003 4
2014-07-22 -2003 3
2014-07-21 -2003 4
2014-07-20 -2003 1
2014-07-18 -2003 2
2014-07-16 -2003 7
2014-10-23 -2004 5
2014-10-22 -2004 6
2014-10-21 -2004 16
2014-10-20 -2004 25
2014-10-19 -2004 7
2014-10-18 -2004 10
2014-10-17 -2004 18
2014-10-16 -2004 22
2014-10-15 -2004 12
2014-10-14 -2004 37
2014-10-13 -2004 61
2014-10-12 -2004 86
2014-10-11 -2004 60
2014-10-10 -2004 63
2014-10-09 -2004 52
2014-10-08 -2004 49
2014-10-07 -2004 74
2014-10-06 -2004 64
2014-10-05 -2004 87
2014-10-04 -2004 75
2014-10-03 -2004 76
2014-10-02 -2004 67
2014-10-01 -2004 65
2014-09-29 -2004 59
2014-09-28 -2004 62
2014-09-27 -2004 127
2014-09-26 -2004 53
2014-09-25 -2004 57
2014-09-24 -2004 63
2014-09-23 -2004 62
2014-09-22 -2004 49
2014-09-21 -2004 60
2014-09-20 -2004 66
2014-09-19 -2004 87
2014-09-18 -2004 51
2014-09-17 -2004 54
2014-09-16 -2004 50
2014-09-15 -2004 80
2014-09-14 -2004 92
2014-09-13 -2004 107
2014-09-12 -2004 105
2014-09-11 -2004 72
2014-09-10 -2004 88
2014-09-09 -2004 110
2014-09-08 -2004 104
2014-09-07 -2004 78
2014-09-06 -2004 129
2014-09-05 -2004 120
2014-09-04 -2004 107
2014-09-03 -2004 105
2014-09-02 -2004 110
2014-09-01 -2004 125
2014-08-31 -2004 116
2014-08-30 -2004 129
2014-08-29 -2004 154
2014-08-28 -2004 117
2014-08-27 -2004 117
2014-08-26 -2004 124
2014-08-25 -2004 130
2014-08-24 -2004 144
2014-08-23 -2004 155
2014-08-22 -2004 98
2014-08-21 -2004 156
2014-08-20 -2004 173
2014-08-19 -2004 206
2014-08-18 -2004 163
2014-08-17 -2004 177
2014-08-16 -2004 157
2014-08-15 -2004 158
2014-08-14 -2004 187
2014-08-13 -2004 13
2014-08-12 -2004 136
2014-08-11 -2004 134
2014-08-10 -2004 127
2014-08-09 -2004 108
2014-08-08 -2004 105
2014-08-07 -2004 140
2014-08-06 -2004 155
2014-08-05 -2004 117
2014-08-04 -2004 154
2014-08-03 -2004 143
2014-08-02 -2004 158
2014-08-01 -2004 190
2014-07-31 -2004 147
2014-07-30 -2004 135
2014-07-29 -2004 143
2014-07-28 -2004 119
2014-07-27 -2004 161
2014-07-26 -2004 103
2014-07-25 -2004 136
2014-07-24 -2004 181
2014-07-23 -2004 116
2014-07-22 -2004 159
2014-07-21 -2004 207
2014-07-20 -2004 199
2014-07-19 -2004 20
2014-07-18 -2004 160
2014-07-17 -2004 155
2014-07-16 -2004 136
2014-08-29 -2005 6
2014-10-23 -2007 1700
2014-10-22 -2007 675
2014-10-21 -2007 603
2014-10-20 -2007 2273
2014-10-19 -2007 1029
2014-10-18 -2007 571
2014-10-17 -2007 731
2014-10-16 -2007 1211
2014-10-15 -2007 707
2014-10-14 -2007 452
2014-10-13 -2007 1251
2014-10-12 -2007 449
2014-10-11 -2007 1211
2014-10-10 -2007 531
2014-10-09 -2007 344
2014-10-08 -2007 397
2014-10-07 -2007 392
2014-10-06 -2007 553
2014-10-05 -2007 496
2014-10-04 -2007 462
2014-10-03 -2007 406
2014-10-02 -2007 346
2014-10-01 -2007 264
2014-09-29 -2007 131
2014-09-28 -2007 343
2014-09-27 -2007 308
2014-09-26 -2007 301
2014-09-25 -2007 299
2014-09-24 -2007 351
2014-09-23 -2007 309
2014-09-22 -2007 265
2014-09-21 -2007 295
2014-09-20 -2007 334
2014-09-19 -2007 222
2014-09-18 -2007 351
2014-09-17 -2007 309
2014-09-16 -2007 360
2014-09-15 -2007 359
2014-09-14 -2007 406
2014-09-13 -2007 360
2014-09-12 -2007 368
2014-09-11 -2007 314
2014-09-10 -2007 397
2014-09-09 -2007 327
2014-09-08 -2007 396
2014-09-07 -2007 222
2014-09-06 -2007 452
2014-09-05 -2007 423
2014-09-04 -2007 407
2014-09-03 -2007 453
2014-09-02 -2007 358
2014-09-01 -2007 356
2014-08-31 -2007 357
2014-08-30 -2007 333
2014-08-29 -2007 399
2014-08-28 -2007 464
2014-08-27 -2007 418
2014-08-26 -2007 352
2014-08-25 -2007 372
2014-08-24 -2007 432
2014-08-23 -2007 411
2014-08-22 -2007 442
2014-08-21 -2007 444
2014-08-20 -2007 478
2014-08-19 -2007 425
2014-08-18 -2007 447
2014-08-17 -2007 559
2014-08-16 -2007 499
2014-08-15 -2007 443
2014-08-14 -2007 468
2014-08-13 -2007 1
2014-08-12 -2007 703
2014-08-11 -2007 720
2014-08-10 -2007 681
2014-08-09 -2007 589
2014-08-08 -2007 642
2014-08-07 -2007 610
2014-08-06 -2007 712
2014-08-05 -2007 601
2014-08-04 -2007 677
2014-08-03 -2007 723
2014-08-02 -2007 709
2014-08-01 -2007 667
2014-07-31 -2007 822
2014-07-30 -2007 743
2014-07-29 -2007 705
2014-07-28 -2007 1024
2014-07-27 -2007 762
2014-07-26 -2007 699
2014-07-25 -2007 672
2014-07-24 -2007 708
2014-07-23 -2007 859
2014-07-22 -2007 756
2014-07-21 -2007 698
2014-07-20 -2007 804
2014-07-19 -2007 12
2014-07-18 -2007 838
2014-07-17 -2007 851
2014-07-16 -2007 784
2014-10-23 -2008 2930
2014-10-22 -2008 2653
2014-10-21 -2008 2589
2014-10-20 -2008 2387
2014-10-19 -2008 2532
2014-10-18 -2008 2329
2014-10-17 -2008 2298
2014-10-16 -2008 2177
2014-10-15 -2008 2493
2014-10-14 -2008 2661
2014-10-13 -2008 3120
2014-10-12 -2008 3871
2014-10-11 -2008 3512
2014-10-10 -2008 2859
2014-10-09 -2008 3093
2014-10-08 -2008 3117
2014-10-07 -2008 3134
2014-10-06 -2008 3257
2014-10-05 -2008 3112
2014-10-04 -2008 3075
2014-10-03 -2008 2924
2014-10-02 -2008 3028
2014-10-01 -2008 2794
2014-09-29 -2008 1772
2014-09-28 -2008 2506
2014-09-27 -2008 2495
2014-09-26 -2008 2544
2014-09-25 -2008 2537
2014-09-24 -2008 2826
2014-09-23 -2008 2917
2014-09-22 -2008 2893
2014-09-21 -2008 3201
2014-09-20 -2008 3297
2014-09-19 -2008 3172
2014-09-18 -2008 3477
2014-09-17 -2008 3869
2014-09-16 -2008 3558
2014-09-15 -2008 3321
2014-09-14 -2008 3582
2014-09-13 -2008 3200
2014-09-12 -2008 3318
2014-09-11 -2008 3814
2014-09-10 -2008 4588
2014-09-09 -2008 3784
2014-09-08 -2008 3371
2014-09-07 -2008 3125
2014-09-06 -2008 4759
2014-09-05 -2008 4646
2014-09-04 -2008 4694
2014-09-03 -2008 4803
2014-09-02 -2008 4557
2014-09-01 -2008 3742
2014-08-31 -2008 3820
2014-08-30 -2008 3866
2014-08-29 -2008 3684
2014-08-28 -2008 3685
2014-08-27 -2008 3928
2014-08-26 -2008 3970
2014-08-25 -2008 3875
2014-08-24 -2008 4078
2014-08-23 -2008 3950
2014-08-22 -2008 3880
2014-08-21 -2008 3948
2014-08-20 -2008 3998
2014-08-19 -2008 3963
2014-08-18 -2008 4093
2014-08-17 -2008 3912
2014-08-16 -2008 4191
2014-08-15 -2008 3994
2014-08-14 -2008 4214
2014-08-13 -2008 278
2014-08-12 -2008 4321
2014-08-11 -2008 4334
2014-08-10 -2008 4609
2014-08-09 -2008 4467
2014-08-08 -2008 4642
2014-08-07 -2008 5003
2014-08-06 -2008 4704
2014-08-05 -2008 4301
2014-08-04 -2008 4743
2014-08-03 -2008 4549
2014-08-02 -2008 4388
2014-08-01 -2008 4715
2014-07-31 -2008 5173
2014-07-30 -2008 4999
2014-07-29 -2008 4911
2014-07-28 -2008 3652
2014-07-27 -2008 4087
2014-07-26 -2008 3928
2014-07-25 -2008 3995
2014-07-24 -2008 4343
2014-07-23 -2008 3873
2014-07-22 -2008 4420
2014-07-21 -2008 4494
2014-07-20 -2008 4917
2014-07-19 -2008 826
2014-07-18 -2008 4451
2014-07-17 -2008 4180
2014-07-16 -2008 4653
2014-10-23 -2009 6768
2014-10-22 -2009 6984
2014-10-21 -2009 7176
2014-10-20 -2009 7481
2014-10-19 -2009 8959
2014-10-18 -2009 10199
2014-10-17 -2009 12544
2014-10-16 -2009 16979
2014-10-15 -2009 18809
2014-10-14 -2009 3990
2014-10-13 -2009 4549
2014-10-12 -2009 5319
2014-10-11 -2009 4876
2014-10-10 -2009 4925
2014-10-09 -2009 5442
2014-10-08 -2009 4951
2014-10-07 -2009 4525
2014-10-06 -2009 4688
2014-10-05 -2009 4677
2014-10-04 -2009 4929
2014-10-03 -2009 4276
2014-10-02 -2009 5004
2014-10-01 -2009 5094
2014-09-29 -2009 4341
2014-09-28 -2009 6024
2014-09-27 -2009 5716
2014-09-26 -2009 6055
2014-09-25 -2009 6272
2014-09-24 -2009 6264
2014-09-23 -2009 7531
2014-09-22 -2009 7187
2014-09-21 -2009 6673
2014-09-20 -2009 7374
2014-09-19 -2009 7082
2014-09-18 -2009 6833
2014-09-17 -2009 6762
2014-09-16 -2009 6580
2014-09-15 -2009 7675
2014-09-14 -2009 7230
2014-09-13 -2009 7988
2014-09-12 -2009 8167
2014-09-11 -2009 8171
2014-09-10 -2009 7754
2014-09-09 -2009 8318
2014-09-08 -2009 8019
2014-09-07 -2009 6553
2014-09-06 -2009 8162
2014-09-05 -2009 8496
2014-09-04 -2009 8963
2014-09-03 -2009 9186
2014-09-02 -2009 8891
2014-09-01 -2009 11322
2014-08-31 -2009 27585
2014-08-30 -2009 11053
2014-08-29 -2009 20023
2014-08-28 -2009 14809
2014-08-27 -2009 10710
2014-10-23 -2010 10750
2014-10-22 -2010 10960
2014-10-21 -2010 10144
2014-10-20 -2010 10004
2014-10-19 -2010 10756
2014-10-18 -2010 9450
2014-10-17 -2010 8952
2014-10-16 -2010 9601
2014-10-15 -2010 10545
2014-10-14 -2010 11434
2014-10-13 -2010 12165
2014-10-12 -2010 15640
2014-10-11 -2010 13794
2014-10-10 -2010 13601
2014-10-09 -2010 13719
2014-10-08 -2010 12638
2014-10-07 -2010 12762
2014-10-06 -2010 13011
2014-10-05 -2010 14022
2014-10-04 -2010 12018
2014-10-03 -2010 11891
2014-10-02 -2010 12016
2014-10-01 -2010 11139
2014-09-29 -2010 8621
2014-09-28 -2010 11345
2014-09-27 -2010 12305
2014-09-26 -2010 12161
2014-09-25 -2010 12322
2014-09-24 -2010 12868
2014-09-23 -2010 12931
2014-09-22 -2010 12986
2014-09-21 -2010 13723
2014-09-20 -2010 13746
2014-09-19 -2010 13144
2014-09-18 -2010 14373
2014-09-17 -2010 15673
2014-09-16 -2010 15200
2014-09-15 -2010 13347
2014-09-14 -2010 15523
2014-09-13 -2010 13581
2014-09-12 -2010 14463
2014-09-11 -2010 15343
2014-09-10 -2010 16025
2014-09-09 -2010 14263
2014-09-08 -2010 14841
2014-09-07 -2010 12156
2014-09-06 -2010 14973
2014-09-05 -2010 16110
2014-09-04 -2010 15821
2014-09-03 -2010 15831
2014-09-02 -2010 15923
2014-09-01 -2010 14138
2014-08-31 -2010 14160
2014-08-30 -2010 14318
2014-08-29 -2010 13818
2014-08-28 -2010 14029
2014-08-27 -2010 13246
2014-08-26 -2010 13583
2014-08-25 -2010 13585
2014-08-24 -2010 15223
2014-08-23 -2010 14440
2014-08-22 -2010 13804
2014-08-21 -2010 13863
2014-08-20 -2010 14384
2014-08-19 -2010 14318
2014-08-18 -2010 14315
2014-08-17 -2010 14947
2014-08-16 -2010 14191
2014-08-15 -2010 14044
2014-08-14 -2010 15513
2014-08-13 -2010 1216
2014-08-12 -2010 16859
2014-08-11 -2010 15705
2014-08-10 -2010 17077
2014-08-09 -2010 15659
2014-08-08 -2010 16423
2014-08-07 -2010 17677
2014-08-06 -2010 18636
2014-08-05 -2010 18729
2014-08-04 -2010 21168
2014-08-03 -2010 21171
2014-08-02 -2010 20426
2014-08-01 -2010 19860
2014-07-31 -2010 21722
2014-07-30 -2010 22960
2014-07-29 -2010 24653
2014-07-28 -2010 23331
2014-07-27 -2010 24072
2014-07-26 -2010 23357
2014-07-25 -2010 23252
2014-07-24 -2010 25080
2014-07-23 -2010 24529
2014-07-22 -2010 26509
2014-07-21 -2010 27008
2014-07-20 -2010 27734
2014-07-19 -2010 5355
2014-07-18 -2010 26579
2014-07-17 -2010 25902
2014-07-16 -2010 28371
2014-10-23 -2011 14804
2014-10-22 -2011 15106
2014-10-21 -2011 13584
2014-10-20 -2011 14184
2014-10-19 -2011 16611
2014-10-18 -2011 12302
2014-10-17 -2011 11968
2014-10-16 -2011 12131
2014-10-15 -2011 13887
2014-10-14 -2011 13445
2014-10-13 -2011 14065
2014-10-12 -2011 20432
2014-10-11 -2011 16198
2014-10-10 -2011 18598
2014-10-09 -2011 16022
2014-10-08 -2011 15045
2014-10-07 -2011 16779
2014-10-06 -2011 17344
2014-10-05 -2011 17960
2014-10-04 -2011 14588
2014-10-03 -2011 16023
2014-10-02 -2011 14682
2014-10-01 -2011 16279
2014-09-29 -2011 10826
2014-09-28 -2011 14564
2014-09-27 -2011 15324
2014-09-26 -2011 15870
2014-09-25 -2011 15710
2014-09-24 -2011 13522
2014-09-23 -2011 14042
2014-09-22 -2011 13410
2014-09-21 -2011 14460
2014-09-20 -2011 16704
2014-09-19 -2011 15230
2014-09-18 -2011 16242
2014-09-17 -2011 17229
2014-09-16 -2011 17922
2014-09-15 -2011 13569
2014-09-14 -2011 18800
2014-09-13 -2011 14611
2014-09-12 -2011 14995
2014-09-11 -2011 15383
2014-09-10 -2011 15573
2014-09-09 -2011 12356
2014-09-08 -2011 14595
2014-09-07 -2011 9602
2014-09-06 -2011 14984
2014-09-05 -2011 18574
2014-09-04 -2011 15412
2014-09-03 -2011 16905
2014-09-02 -2011 17376
2014-09-01 -2011 18333
2014-08-31 -2011 17083
2014-08-30 -2011 15434
2014-08-29 -2011 15582
2014-08-28 -2011 15888
2014-08-27 -2011 15798
2014-08-26 -2011 14947
2014-08-25 -2011 15478
2014-08-24 -2011 18821
2014-08-23 -2011 18201
2014-08-22 -2011 14785
2014-08-21 -2011 15698
2014-08-20 -2011 14103
2014-08-19 -2011 13653
2014-08-18 -2011 13631
2014-08-17 -2011 15750
2014-08-16 -2011 13428
2014-08-15 -2011 14333
2014-08-14 -2011 16293
2014-08-13 -2011 1670
2014-08-12 -2011 18085
2014-08-11 -2011 15701
2014-08-10 -2011 16852
2014-08-09 -2011 15822
2014-08-08 -2011 15385
2014-08-07 -2011 16843
2014-08-06 -2011 15851
2014-08-05 -2011 18242
2014-08-04 -2011 18763
2014-08-03 -2011 15262
2014-08-02 -2011 17876
2014-08-01 -2011 17325
2014-07-31 -2011 20705
2014-07-30 -2011 20508
2014-07-29 -2011 19754
2014-07-28 -2011 17973
2014-07-27 -2011 19303
2014-07-26 -2011 16976
2014-07-25 -2011 20306
2014-07-24 -2011 21035
2014-07-23 -2011 19860
2014-07-22 -2011 22929
2014-07-21 -2011 25354
2014-07-20 -2011 24641
2014-07-19 -2011 6914
2014-07-18 -2011 22301
2014-07-17 -2011 20592
2014-07-16 -2011 21120
2014-10-13 -2013 1
2014-10-09 -2013 1
2014-09-25 -2013 1
2014-09-24 -2013 1
2014-09-19 -2013 4
2014-09-17 -2013 11
2014-09-11 -2013 5
2014-09-10 -2013 21
2014-09-09 -2013 3
2014-09-07 -2013 1
2014-09-06 -2013 1
2014-09-05 -2013 26
2014-09-04 -2013 5
2014-09-02 -2013 2
2014-08-26 -2013 1
2014-08-25 -2013 1
2014-08-19 -2013 1
2014-08-03 -2013 1
2014-08-01 -2013 1
2014-07-28 -2013 1
2014-07-20 -2013 2
2014-07-18 -2013 1
2014-07-16 -2013 2
2014-07-16 -2014 701
2014-10-23 -2015 1
2014-10-22 -2015 3
2014-10-21 -2015 3
2014-10-19 -2015 4
2014-10-18 -2015 3
2014-10-16 -2015 2
2014-10-15 -2015 6
2014-10-14 -2015 4
2014-10-13 -2015 1
2014-10-12 -2015 7
2014-10-11 -2015 5
2014-10-09 -2015 4
2014-10-07 -2015 2
2014-10-06 -2015 4
2014-10-05 -2015 2
2014-10-04 -2015 4
2014-10-03 -2015 2
2014-10-02 -2015 5
2014-10-01 -2015 1
2014-09-29 -2015 1
2014-09-28 -2015 1
2014-09-26 -2015 1
2014-09-25 -2015 4
2014-09-24 -2015 4
2014-09-23 -2015 5
2014-09-22 -2015 13
2014-09-21 -2015 4
2014-09-20 -2015 5
2014-09-19 -2015 7
2014-09-18 -2015 11
2014-09-17 -2015 9
2014-09-16 -2015 2
2014-09-15 -2015 5
2014-09-14 -2015 5
2014-09-13 -2015 1
2014-09-12 -2015 4
2014-09-11 -2015 2
2014-09-10 -2015 3
2014-09-09 -2015 5
2014-09-08 -2015 2
2014-09-06 -2015 2
2014-09-05 -2015 6
2014-09-04 -2015 4
2014-09-03 -2015 4
2014-09-02 -2015 7
2014-09-01 -2015 10
2014-08-31 -2015 7
2014-08-30 -2015 15
2014-08-29 -2015 17
2014-08-28 -2015 6
2014-08-27 -2015 11
2014-08-26 -2015 14
2014-08-25 -2015 17
2014-08-24 -2015 11
2014-08-23 -2015 10
2014-08-22 -2015 12
2014-08-21 -2015 7
2014-08-20 -2015 11
2014-08-19 -2015 8
2014-08-18 -2015 24
2014-08-17 -2015 17
2014-08-16 -2015 3
2014-08-15 -2015 6
2014-08-14 -2015 7
2014-08-12 -2015 12
2014-08-11 -2015 10
2014-08-10 -2015 12
2014-08-09 -2015 7
2014-08-08 -2015 13
2014-08-07 -2015 13
2014-08-06 -2015 4
2014-08-05 -2015 10
2014-08-04 -2015 5
2014-08-03 -2015 11
2014-08-02 -2015 6
2014-08-01 -2015 6
2014-07-31 -2015 12
2014-07-30 -2015 7
2014-07-29 -2015 11
2014-07-28 -2015 10
2014-07-27 -2015 23
2014-07-26 -2015 8
2014-07-25 -2015 3
2014-07-24 -2015 9
2014-07-23 -2015 14
2014-07-22 -2015 7
2014-07-21 -2015 10
2014-07-20 -2015 5
2014-07-19 -2015 2
2014-07-18 -2015 13
2014-07-17 -2015 14
2014-07-16 -2015 12
2014-10-23 -2016 36
2014-10-22 -2016 41
2014-10-21 -2016 23
2014-10-20 -2016 19
2014-10-19 -2016 25
2014-10-18 -2016 40
2014-10-17 -2016 26
2014-10-16 -2016 21
2014-10-15 -2016 36
2014-10-14 -2016 42
2014-10-13 -2016 67
2014-10-12 -2016 48
2014-10-11 -2016 76
2014-10-10 -2016 28
2014-10-09 -2016 74
2014-10-08 -2016 54
2014-10-07 -2016 42
2014-10-06 -2016 44
2014-10-05 -2016 60
2014-10-04 -2016 50
2014-10-03 -2016 70
2014-10-02 -2016 47
2014-10-01 -2016 34
2014-09-29 -2016 25
2014-09-28 -2016 27
2014-09-27 -2016 53
2014-09-26 -2016 48
2014-09-25 -2016 50
2014-09-24 -2016 119
2014-09-23 -2016 181
2014-09-22 -2016 217
2014-09-21 -2016 258
2014-09-20 -2016 315
2014-09-19 -2016 775
2014-09-18 -2016 981
2014-09-17 -2016 1015
2014-09-16 -2016 1219
2014-09-15 -2016 1022
2014-09-14 -2016 1025
2014-09-13 -2016 1026
2014-09-12 -2016 1415
2014-09-11 -2016 1139
2014-09-10 -2016 902
2014-09-09 -2016 1527
2014-09-08 -2016 1606
2014-09-07 -2016 1057
2014-09-06 -2016 1089
2014-09-05 -2016 751
2014-09-04 -2016 738
2014-09-03 -2016 755
2014-09-02 -2016 541
2014-09-01 -2016 83
2014-08-31 -2016 76
2014-08-30 -2016 61
2014-08-29 -2016 38
2014-08-28 -2016 36
2014-08-27 -2016 50
2014-08-26 -2016 46
2014-08-25 -2016 49
2014-08-24 -2016 32
2014-08-23 -2016 42
2014-08-22 -2016 42
2014-08-21 -2016 49
2014-08-20 -2016 61
2014-08-19 -2016 54
2014-08-18 -2016 49
2014-08-17 -2016 81
2014-08-16 -2016 38
2014-08-15 -2016 51
2014-08-14 -2016 80
2014-08-13 -2016 3
2014-08-12 -2016 56
2014-08-11 -2016 51
2014-08-10 -2016 60
2014-08-09 -2016 57
2014-08-08 -2016 62
2014-08-07 -2016 43
2014-08-06 -2016 55
2014-08-05 -2016 88
2014-08-04 -2016 62
2014-08-03 -2016 63
2014-08-02 -2016 56
2014-08-01 -2016 47
2014-07-31 -2016 46
2014-07-30 -2016 97
2014-07-29 -2016 77
2014-07-28 -2016 75
2014-07-27 -2016 57
2014-07-26 -2016 66
2014-07-25 -2016 57
2014-07-24 -2016 78
2014-07-23 -2016 59
2014-07-22 -2016 54
2014-07-21 -2016 67
2014-07-20 -2016 68
2014-07-19 -2016 16
2014-07-18 -2016 55
2014-07-17 -2016 74
2014-07-16 -2016 68
2014-10-23 -2017 53
2014-10-22 -2017 38
2014-10-21 -2017 50
2014-10-20 -2017 49
2014-10-19 -2017 38
2014-10-18 -2017 33
2014-10-17 -2017 58
2014-10-16 -2017 30
2014-10-15 -2017 46
2014-10-14 -2017 39
2014-10-13 -2017 48
2014-10-12 -2017 28
2014-10-11 -2017 38
2014-10-10 -2017 55
2014-10-09 -2017 52
2014-10-08 -2017 62
2014-10-07 -2017 61
2014-10-06 -2017 41
2014-10-05 -2017 43
2014-10-04 -2017 46
2014-10-03 -2017 95
2014-10-02 -2017 43
2014-10-01 -2017 45
2014-09-29 -2017 33
2014-09-28 -2017 44
2014-09-27 -2017 58
2014-09-26 -2017 52
2014-09-25 -2017 50
2014-09-24 -2017 62
2014-09-23 -2017 63
2014-09-22 -2017 58
2014-09-21 -2017 44
2014-09-20 -2017 73
2014-09-19 -2017 47
2014-09-18 -2017 84
2014-09-17 -2017 49
2014-09-16 -2017 60
2014-09-15 -2017 58
2014-09-14 -2017 55
2014-09-13 -2017 53
2014-09-12 -2017 43
2014-09-11 -2017 53
2014-09-10 -2017 43
2014-09-09 -2017 59
2014-09-08 -2017 90
2014-09-07 -2017 50
2014-09-06 -2017 38
2014-09-05 -2017 45
2014-09-04 -2017 62
2014-09-03 -2017 51
2014-09-02 -2017 81
2014-09-01 -2017 112
2014-08-31 -2017 75
2014-08-30 -2017 65
2014-08-29 -2017 92
2014-08-28 -2017 76
2014-08-27 -2017 101
2014-08-26 -2017 101
2014-08-25 -2017 84
2014-08-24 -2017 55
2014-08-23 -2017 65
2014-08-22 -2017 70
2014-08-21 -2017 54
2014-08-20 -2017 84
2014-08-19 -2017 66
2014-08-18 -2017 65
2014-08-17 -2017 49
2014-08-16 -2017 65
2014-08-15 -2017 48
2014-08-14 -2017 70
2014-08-13 -2017 30
2014-08-12 -2017 68
2014-08-11 -2017 109
2014-08-10 -2017 79
2014-08-09 -2017 62
2014-08-08 -2017 64
2014-08-07 -2017 87
2014-08-06 -2017 63
2014-08-05 -2017 71
2014-08-04 -2017 77
2014-08-03 -2017 67
2014-08-02 -2017 107
2014-08-01 -2017 61
2014-07-31 -2017 70
2014-07-30 -2017 73
2014-07-29 -2017 71
2014-07-28 -2017 106
2014-07-27 -2017 119
2014-07-26 -2017 111
2014-07-25 -2017 110
2014-07-24 -2017 124
2014-07-23 -2017 61
2014-07-22 -2017 110
2014-07-21 -2017 88
2014-07-20 -2017 105
2014-07-19 -2017 28
2014-07-18 -2017 65
2014-07-17 -2017 97
2014-07-16 -2017 102
2014-10-23 -2018 2
2014-10-22 -2018 3
2014-10-20 -2018 3
2014-10-19 -2018 2
2014-10-17 -2018 1
2014-10-15 -2018 2
2014-10-14 -2018 1
2014-10-07 -2018 1
2014-10-05 -2018 1
2014-10-01 -2018 1
2014-09-27 -2018 1
2014-09-26 -2018 1
2014-09-24 -2018 1
2014-09-23 -2018 2
2014-09-22 -2018 1
2014-09-19 -2018 1
2014-09-18 -2018 3
2014-09-10 -2018 2
2014-09-08 -2018 1
2014-09-06 -2018 1
2014-09-02 -2018 1
2014-08-29 -2018 1
2014-08-26 -2018 1
2014-07-21 -2018 1
2014-07-17 -2018 1
2014-07-16 -2018 2
2014-10-23 -2020 24
2014-10-22 -2020 16
2014-10-20 -2020 1
2014-10-18 -2020 13
2014-10-17 -2020 1
2014-10-15 -2020 4
2014-10-13 -2020 3
2014-10-12 -2020 5
2014-10-11 -2020 4
2014-10-10 -2020 3
2014-10-09 -2020 9
2014-10-08 -2020 10
2014-10-07 -2020 3
2014-10-04 -2020 4
2014-10-01 -2020 11
2014-09-29 -2020 3
2014-09-28 -2020 4
2014-09-27 -2020 5
2014-09-26 -2020 1
2014-09-25 -2020 4
2014-09-24 -2020 3
2014-09-22 -2020 8
2014-09-21 -2020 10
2014-09-20 -2020 4
2014-09-19 -2020 2
2014-09-18 -2020 8
2014-09-17 -2020 12
2014-09-15 -2020 4
2014-09-12 -2020 11
2014-09-11 -2020 10
2014-09-10 -2020 18
2014-09-09 -2020 12
2014-09-08 -2020 2
2014-09-07 -2020 1
2014-09-05 -2020 4
2014-09-04 -2020 5
2014-09-03 -2020 5
2014-09-02 -2020 4
2014-09-01 -2020 5
2014-08-31 -2020 2
2014-08-30 -2020 11
2014-08-29 -2020 9
2014-08-28 -2020 19
2014-08-27 -2020 28
2014-08-26 -2020 17
2014-08-25 -2020 2
2014-08-24 -2020 3
2014-08-23 -2020 5
2014-08-22 -2020 13
2014-08-21 -2020 16
2014-08-20 -2020 8
2014-08-19 -2020 14
2014-08-18 -2020 3
2014-08-16 -2020 5
2014-08-15 -2020 9
2014-08-14 -2020 16
2014-08-12 -2020 16
2014-08-11 -2020 1
2014-08-10 -2020 13
2014-08-09 -2020 5
2014-08-08 -2020 11
2014-08-07 -2020 6
2014-08-06 -2020 7
2014-08-04 -2020 10
2014-08-02 -2020 3
2014-08-01 -2020 17
2014-07-31 -2020 15
2014-07-30 -2020 5
2014-07-29 -2020 4
2014-07-28 -2020 13
2014-07-27 -2020 8
2014-07-26 -2020 2
2014-07-25 -2020 1
2014-07-24 -2020 13
2014-07-23 -2020 9
2014-07-22 -2020 5
2014-07-21 -2020 6
2014-07-19 -2020 13
2014-07-18 -2020 12
2014-07-17 -2020 14
2014-07-16 -2020 11
2014-10-23 -2021 69
2014-10-22 -2021 62
2014-10-21 -2021 70
2014-10-20 -2021 59
2014-10-19 -2021 84
2014-10-18 -2021 62
2014-10-17 -2021 46
2014-10-16 -2021 32
2014-10-15 -2021 69
2014-10-14 -2021 100
2014-10-13 -2021 93
2014-10-12 -2021 102
2014-10-11 -2021 109
2014-10-10 -2021 111
2014-10-09 -2021 125
2014-10-08 -2021 134
2014-10-07 -2021 119
2014-10-06 -2021 108
2014-10-05 -2021 77
2014-10-04 -2021 113
2014-10-03 -2021 76
2014-10-02 -2021 111
2014-10-01 -2021 144
2014-09-29 -2021 56
2014-09-28 -2021 104
2014-09-27 -2021 111
2014-09-26 -2021 78
2014-09-25 -2021 110
2014-09-24 -2021 101
2014-09-23 -2021 92
2014-09-22 -2021 112
2014-09-21 -2021 66
2014-09-20 -2021 98
2014-09-19 -2021 115
2014-09-18 -2021 103
2014-09-17 -2021 80
2014-09-16 -2021 75
2014-09-15 -2021 103
2014-09-14 -2021 92
2014-09-13 -2021 76
2014-09-12 -2021 90
2014-09-11 -2021 81
2014-09-10 -2021 78
2014-09-09 -2021 95
2014-09-08 -2021 71
2014-09-07 -2021 91
2014-09-06 -2021 65
2014-09-05 -2021 59
2014-09-04 -2021 61
2014-09-03 -2021 78
2014-09-02 -2021 100
2014-09-01 -2021 96
2014-08-31 -2021 72
2014-08-30 -2021 70
2014-08-29 -2021 71
2014-08-28 -2021 57
2014-08-27 -2021 92
2014-08-26 -2021 114
2014-08-25 -2021 60
2014-08-24 -2021 57
2014-08-23 -2021 85
2014-08-22 -2021 56
2014-08-21 -2021 73
2014-08-20 -2021 58
2014-08-19 -2021 59
2014-08-18 -2021 46
2014-08-17 -2021 49
2014-08-16 -2021 51
2014-08-15 -2021 38
2014-08-14 -2021 43
2014-08-13 -2021 4
2014-08-12 -2021 35
2014-08-11 -2021 42
2014-08-10 -2021 46
2014-08-09 -2021 42
2014-08-08 -2021 51
2014-08-07 -2021 51
2014-08-06 -2021 37
2014-08-05 -2021 32
2014-08-04 -2021 19
2014-08-03 -2021 17
2014-08-02 -2021 30
2014-08-01 -2021 21
2014-07-31 -2021 21
2014-07-30 -2021 19
2014-07-29 -2021 17
2014-07-28 -2021 21
2014-07-27 -2021 22
2014-07-26 -2021 27
2014-07-25 -2021 41
2014-07-24 -2021 33
2014-07-23 -2021 43
2014-07-22 -2021 26
2014-07-21 -2021 34
2014-07-20 -2021 13
2014-07-19 -2021 4
2014-07-18 -2021 39
2014-07-17 -2021 41
2014-07-16 -2021 28
2014-10-13 -4001 3
2014-10-12 -4001 1
2014-10-11 -4001 1
2014-10-08 -4001 2
2014-10-07 -4001 1
2014-10-06 -4001 1
2014-10-05 -4001 1
2014-10-03 -4001 2
2014-10-02 -4001 3
2014-10-01 -4001 3
2014-09-28 -4001 1
2014-09-27 -4001 2
2014-09-25 -4001 1
2014-09-24 -4001 2
2014-09-23 -4001 3
2014-09-20 -4001 2
2014-09-19 -4001 5
2014-09-18 -4001 4
2014-09-13 -4001 2
2014-09-12 -4001 1
2014-09-11 -4001 1
2014-09-09 -4001 1
2014-09-07 -4001 1
2014-09-06 -4001 1
2014-09-05 -4001 2
2014-09-03 -4001 2
2014-09-01 -4001 1
2014-08-31 -4001 2
2014-08-28 -4001 1
2014-08-26 -4001 1
2014-08-23 -4001 3
2014-08-22 -4001 3
2014-08-21 -4001 1
2014-08-20 -4001 2
2014-08-19 -4001 3
2014-08-18 -4001 5
2014-08-17 -4001 1
2014-08-16 -4001 3
2014-08-15 -4001 1
2014-08-14 -4001 6
2014-08-12 -4001 5
2014-08-11 -4001 3
2014-08-10 -4001 3
2014-08-09 -4001 1
2014-08-08 -4001 3
2014-08-07 -4001 3
2014-08-06 -4001 1
2014-08-05 -4001 6
2014-08-04 -4001 7
2014-08-03 -4001 4
2014-08-02 -4001 3
2014-08-01 -4001 2
2014-07-31 -4001 6
2014-07-30 -4001 1
2014-07-29 -4001 6
2014-07-28 -4001 5
2014-07-27 -4001 6
2014-07-26 -4001 6
2014-07-25 -4001 3
2014-07-24 -4001 3
2014-07-23 -4001 3
2014-07-22 -4001 6
2014-07-21 -4001 8
2014-07-20 -4001 4
2014-07-18 -4001 6
2014-07-17 -4001 10
2014-07-16 -4001 9
2014-10-23 -4002 2372
2014-10-22 -4002 2448
2014-10-21 -4002 2449
2014-10-20 -4002 1951
2014-10-19 -4002 2175
2014-10-18 -4002 2763
2014-10-17 -4002 2547
2014-10-16 -4002 2232
2014-10-15 -4002 2548
2014-10-14 -4002 1853
2014-10-13 -4002 2990
2014-10-12 -4002 3319
2014-10-11 -4002 2385
2014-10-10 -4002 3860
2014-10-09 -4002 3184
2014-10-08 -4002 2779
2014-10-07 -4002 1323
2014-10-06 -4002 1740
2014-10-05 -4002 1480
2014-10-04 -4002 1154
2014-10-03 -4002 1160
2014-10-02 -4002 1136
2014-10-01 -4002 1414
2014-09-29 -4002 673
2014-09-28 -4002 1127
2014-09-27 -4002 1003
2014-09-26 -4002 1401
2014-09-25 -4002 1032
2014-09-24 -4002 1205
2014-09-23 -4002 1426
2014-09-22 -4002 1280
2014-09-21 -4002 1715
2014-09-20 -4002 1635
2014-09-19 -4002 1626
2014-09-18 -4002 1685
2014-09-17 -4002 2113
2014-09-16 -4002 2058
2014-09-15 -4002 1769
2014-09-14 -4002 2142
2014-09-13 -4002 1770
2014-09-12 -4002 1929
2014-09-11 -4002 1818
2014-09-10 -4002 2533
2014-09-09 -4002 2471
2014-09-08 -4002 2256
2014-09-07 -4002 2076
2014-09-06 -4002 2553
2014-09-05 -4002 2613
2014-09-04 -4002 2439
2014-09-03 -4002 2557
2014-09-02 -4002 3434
2014-09-01 -4002 3891
2014-08-31 -4002 3944
2014-08-30 -4002 3551
2014-08-29 -4002 3768
2014-08-28 -4002 3851
2014-08-27 -4002 3973
2014-08-26 -4002 3794
2014-08-25 -4002 3495
2014-08-24 -4002 4029
2014-08-23 -4002 3493
2014-08-22 -4002 3552
2014-08-21 -4002 3547
2014-08-20 -4002 3658
2014-08-19 -4002 3835
2014-08-18 -4002 3636
2014-08-17 -4002 3867
2014-08-16 -4002 3830
2014-08-15 -4002 3495
2014-08-14 -4002 3568
2014-08-13 -4002 261
2014-08-12 -4002 3987
2014-08-11 -4002 3865
2014-08-10 -4002 4568
2014-08-09 -4002 4364
2014-08-08 -4002 4322
2014-08-07 -4002 4346
2014-08-06 -4002 5872
2014-08-05 -4002 5563
2014-08-04 -4002 7269
2014-08-03 -4002 7318
2014-08-02 -4002 7804
2014-08-01 -4002 7858
2014-07-31 -4002 7527
2014-07-30 -4002 8073
2014-07-29 -4002 8559
2014-07-28 -4002 7883
2014-07-27 -4002 8280
2014-07-26 -4002 7793
2014-07-25 -4002 8007
2014-07-24 -4002 9339
2014-07-23 -4002 9330
2014-07-22 -4002 10044
2014-07-21 -4002 9787
2014-07-20 -4002 11338
2014-07-19 -4002 1575
2014-07-18 -4002 10492
2014-07-17 -4002 11200
2014-07-16 -4002 10852
2014-10-23 -4003 1893
2014-10-22 -4003 2047
2014-10-21 -4003 2047
2014-10-20 -4003 1659
2014-10-19 -4003 1374
2014-10-18 -4003 2195
2014-10-17 -4003 1802
2014-10-16 -4003 1735
2014-10-15 -4003 1243
2014-10-14 -4003 1401
2014-10-13 -4003 1684
2014-10-12 -4003 2257
2014-10-11 -4003 1917
2014-10-10 -4003 2368
2014-10-09 -4003 2065
2014-10-08 -4003 2042
2014-10-07 -4003 1861
2014-10-06 -4003 1846
2014-10-05 -4003 1518
2014-10-04 -4003 2261
2014-10-03 -4003 1512
2014-10-02 -4003 2258
2014-10-01 -4003 1284
2014-09-29 -4003 1448
2014-09-28 -4003 1456
2014-09-27 -4003 1601
2014-09-26 -4003 1444
2014-09-25 -4003 1629
2014-09-24 -4003 1756
2014-09-23 -4003 2031
2014-09-22 -4003 1513
2014-09-21 -4003 2583
2014-09-20 -4003 2159
2014-09-19 -4003 1436
2014-09-18 -4003 2118
2014-09-17 -4003 1651
2014-09-16 -4003 2040
2014-09-15 -4003 1823
2014-09-14 -4003 1760
2014-09-13 -4003 1539
2014-09-12 -4003 1497
2014-09-11 -4003 1724
2014-09-10 -4003 1774
2014-09-09 -4003 2094
2014-09-08 -4003 1669
2014-09-07 -4003 1329
2014-09-06 -4003 1365
2014-09-05 -4003 1779
2014-09-04 -4003 2208
2014-09-03 -4003 1463
2014-09-02 -4003 1645
2014-09-01 -4003 1608
2014-08-31 -4003 2601
2014-08-30 -4003 1770
2014-08-29 -4003 1681
2014-08-28 -4003 1661
2014-08-27 -4003 1932
2014-08-26 -4003 1393
2014-08-25 -4003 1571
2014-08-24 -4003 2140
2014-08-23 -4003 2464
2014-08-22 -4003 2302
2014-08-21 -4003 2047
2014-08-20 -4003 1871
2014-08-19 -4003 1721
2014-08-18 -4003 1500
2014-08-17 -4003 1622
2014-08-16 -4003 1934
2014-08-15 -4003 1790
2014-08-14 -4003 1912
2014-08-13 -4003 229
2014-08-12 -4003 1572
2014-08-11 -4003 1617
2014-08-10 -4003 2037
2014-08-09 -4003 2571
2014-08-08 -4003 1789
2014-08-07 -4003 1922
2014-08-06 -4003 2691
2014-08-05 -4003 2731
2014-08-04 -4003 3220
2014-08-03 -4003 2668
2014-08-02 -4003 3103
2014-08-01 -4003 2644
2014-07-31 -4003 2904
2014-07-30 -4003 3420
2014-07-29 -4003 3643
2014-07-28 -4003 4430
2014-07-27 -4003 4280
2014-07-26 -4003 3551
2014-07-25 -4003 4155
2014-07-24 -4003 6055
2014-07-23 -4003 4824
2014-07-22 -4003 3821
2014-07-21 -4003 3683
2014-07-20 -4003 4485
2014-07-19 -4003 1299
2014-07-18 -4003 3879
2014-07-17 -4003 3999
2014-07-16 -4003 4298
2014-10-23 -4004 583
2014-10-22 -4004 708
2014-10-21 -4004 651
2014-10-20 -4004 539
2014-10-19 -4004 710
2014-10-18 -4004 465
2014-10-17 -4004 415
2014-10-16 -4004 422
2014-10-15 -4004 686
2014-10-14 -4004 603
2014-10-13 -4004 435
2014-10-12 -4004 667
2014-10-11 -4004 761
2014-10-10 -4004 689
2014-10-09 -4004 487
2014-10-08 -4004 453
2014-10-07 -4004 215
2014-10-06 -4004 300
2014-10-05 -4004 164
2014-10-04 -4004 228
2014-10-03 -4004 173
2014-10-02 -4004 200
2014-10-01 -4004 231
2014-09-29 -4004 113
2014-09-28 -4004 182
2014-09-27 -4004 114
2014-09-26 -4004 80
2014-09-25 -4004 86
2014-09-24 -4004 226
2014-09-23 -4004 114
2014-09-22 -4004 74
2014-09-21 -4004 171
2014-09-20 -4004 79
2014-09-19 -4004 99
2014-09-18 -4004 82
2014-09-17 -4004 129
2014-09-16 -4004 128
2014-09-15 -4004 118
2014-09-14 -4004 98
2014-09-13 -4004 93
2014-09-12 -4004 68
2014-09-11 -4004 110
2014-09-10 -4004 91
2014-09-09 -4004 92
2014-09-08 -4004 157
2014-09-07 -4004 119
2014-09-06 -4004 156
2014-09-05 -4004 84
2014-09-04 -4004 311
2014-09-03 -4004 96
2014-09-02 -4004 112
2014-09-01 -4004 77
2014-08-31 -4004 122
2014-08-30 -4004 122
2014-08-29 -4004 88
2014-08-28 -4004 91
2014-08-27 -4004 111
2014-08-26 -4004 72
2014-08-25 -4004 113
2014-08-24 -4004 92
2014-08-23 -4004 111
2014-08-22 -4004 62
2014-08-21 -4004 114
2014-08-20 -4004 126
2014-08-19 -4004 135
2014-08-18 -4004 187
2014-08-17 -4004 143
2014-08-16 -4004 160
2014-08-15 -4004 133
2014-08-14 -4004 93
2014-08-13 -4004 1
2014-08-12 -4004 106
2014-08-11 -4004 179
2014-08-10 -4004 155
2014-08-09 -4004 111
2014-08-08 -4004 117
2014-08-07 -4004 121
2014-08-06 -4004 119
2014-08-05 -4004 102
2014-08-04 -4004 156
2014-08-03 -4004 201
2014-08-02 -4004 111
2014-08-01 -4004 166
2014-07-31 -4004 183
2014-07-30 -4004 124
2014-07-29 -4004 158
2014-07-28 -4004 95
2014-07-27 -4004 144
2014-07-26 -4004 105
2014-07-25 -4004 81
2014-07-24 -4004 90
2014-07-23 -4004 101
2014-07-22 -4004 100
2014-07-21 -4004 93
2014-07-20 -4004 139
2014-07-19 -4004 7
2014-07-18 -4004 147
2014-07-17 -4004 138
2014-07-16 -4004 150
2014-09-29 -4006 88
2014-09-28 -4006 12
2014-09-27 -4006 19
2014-09-26 -4006 30
2014-09-25 -4006 19
2014-09-24 -4006 34
2014-09-23 -4006 39
2014-09-22 -4006 34
2014-09-21 -4006 35
2014-09-20 -4006 39
2014-09-19 -4006 21
2014-09-18 -4006 33
2014-09-17 -4006 39
2014-09-16 -4006 5
2014-09-15 -4006 41
2014-09-14 -4006 22
2014-09-13 -4006 55
2014-09-12 -4006 27
2014-09-11 -4006 23
2014-09-10 -4006 11
2014-09-09 -4006 29
2014-09-08 -4006 21
2014-09-07 -4006 21
2014-09-06 -4006 26
2014-09-05 -4006 45
2014-09-04 -4006 27
2014-09-03 -4006 15
2014-09-02 -4006 26
2014-09-01 -4006 32
2014-08-31 -4006 17
2014-08-30 -4006 57
2014-08-29 -4006 24
2014-08-28 -4006 28
2014-08-27 -4006 42
2014-08-26 -4006 29
2014-08-25 -4006 24
2014-08-24 -4006 33
2014-08-23 -4006 24
2014-08-22 -4006 32
2014-08-21 -4006 38
2014-08-20 -4006 37
2014-08-19 -4006 34
2014-08-18 -4006 48
2014-08-17 -4006 73
2014-08-16 -4006 63
2014-08-15 -4006 55
2014-08-14 -4006 41
2014-08-12 -4006 66
2014-08-11 -4006 51
2014-08-10 -4006 42
2014-08-09 -4006 96
2014-08-08 -4006 88
2014-08-07 -4006 40
2014-08-06 -4006 61
2014-08-05 -4006 56
2014-08-04 -4006 31
2014-08-03 -4006 28
2014-08-02 -4006 24
2014-08-01 -4006 40
2014-07-31 -4006 56
2014-07-30 -4006 64
2014-07-29 -4006 78
2014-07-28 -4006 53
2014-07-27 -4006 26
2014-07-26 -4006 14
2014-07-25 -4006 38
2014-07-24 -4006 52
2014-07-23 -4006 29
2014-07-22 -4006 49
2014-07-21 -4006 15
2014-07-20 -4006 47
2014-07-18 -4006 31
2014-07-17 -4006 42
2014-07-16 -4006 39
2014-10-23 -4007 13296
2014-10-22 -4007 13068
2014-10-21 -4007 12640
2014-10-20 -4007 12567
2014-10-19 -4007 13318
2014-10-18 -4007 13667
2014-10-17 -4007 11562
2014-10-16 -4007 12432
2014-10-15 -4007 13136
2014-10-14 -4007 13595
2014-10-13 -4007 15110
2014-10-12 -4007 17858
2014-10-11 -4007 16436
2014-10-10 -4007 16001
2014-10-09 -4007 16062
2014-10-08 -4007 15438
2014-10-07 -4007 16010
2014-10-06 -4007 16685
2014-10-05 -4007 17544
2014-10-04 -4007 15242
2014-10-03 -4007 14672
2014-10-02 -4007 15093
2014-10-01 -4007 13175
2014-09-29 -4007 10676
2014-09-28 -4007 15251
2014-09-27 -4007 15709
2014-09-26 -4007 14364
2014-09-25 -4007 14745
2014-09-24 -4007 15611
2014-09-23 -4007 15769
2014-09-22 -4007 15547
2014-09-21 -4007 16731
2014-09-20 -4007 16361
2014-09-19 -4007 14929
2014-09-18 -4007 15402
2014-09-17 -4007 17313
2014-09-16 -4007 15821
2014-09-15 -4007 15600
2014-09-14 -4007 17954
2014-09-13 -4007 15532
2014-09-12 -4007 16846
2014-09-11 -4007 16664
2014-09-10 -4007 16827
2014-09-09 -4007 16635
2014-09-08 -4007 16947
2014-09-07 -4007 13313
2014-09-06 -4007 16798
2014-09-05 -4007 16422
2014-09-04 -4007 17487
2014-09-03 -4007 17550
2014-09-02 -4007 17515
2014-09-01 -4007 17223
2014-08-31 -4007 17936
2014-08-30 -4007 17220
2014-08-29 -4007 16686
2014-08-28 -4007 17432
2014-08-27 -4007 16537
2014-08-26 -4007 17768
2014-08-25 -4007 17028
2014-08-24 -4007 19236
2014-08-23 -4007 17918
2014-08-22 -4007 16812
2014-08-21 -4007 17768
2014-08-20 -4007 18508
2014-08-19 -4007 17982
2014-08-18 -4007 18829
2014-08-17 -4007 20136
2014-08-16 -4007 19396
2014-08-15 -4007 17889
2014-08-14 -4007 19458
2014-08-13 -4007 1895
2014-08-12 -4007 20802
2014-08-11 -4007 19970
2014-08-10 -4007 22212
2014-08-09 -4007 22411
2014-08-08 -4007 21155
2014-08-07 -4007 22272
2014-08-06 -4007 24996
2014-08-05 -4007 26253
2014-08-04 -4007 28047
2014-08-03 -4007 28471
2014-08-02 -4007 26747
2014-08-01 -4007 27817
2014-07-31 -4007 29447
2014-07-30 -4007 29191
2014-07-29 -4007 31596
2014-07-28 -4007 30136
2014-07-27 -4007 32818
2014-07-26 -4007 30193
2014-07-25 -4007 30193
2014-07-24 -4007 32925
2014-07-23 -4007 32014
2014-07-22 -4007 31410
2014-07-21 -4007 32705
2014-07-20 -4007 34510
2014-07-19 -4007 9102
2014-07-18 -4007 33537
2014-07-17 -4007 34087
2014-07-16 -4007 34139
2014-10-23 -5001 4
2014-10-22 -5001 1
2014-10-14 -5001 3
2014-10-08 -5001 1
2014-09-25 -5001 2
2014-09-19 -5001 2
2014-09-17 -5001 2
2014-09-12 -5001 5
2014-09-10 -5001 7
2014-09-08 -5001 5
2014-09-05 -5001 1
2014-08-27 -5001 1
2014-08-15 -5001 1
2014-08-11 -5001 4
2014-08-10 -5001 5
2014-08-09 -5001 2
2014-08-07 -5001 6
2014-08-01 -5001 3
2014-07-28 -5001 3
2014-07-25 -5001 7
2014-07-24 -5001 9
2014-07-21 -5001 3
2014-07-17 -5001 1
2014-10-20 -6001 2
2014-10-19 -6001 1
2014-10-17 -6001 1
2014-10-12 -6001 1
2014-10-10 -6001 1
2014-10-08 -6001 4
2014-10-06 -6001 1
2014-10-05 -6001 2
2014-10-04 -6001 1
2014-10-03 -6001 2
2014-10-02 -6001 8
2014-09-27 -6001 4
2014-09-25 -6001 1
2014-09-24 -6001 1
2014-09-20 -6001 1
2014-09-19 -6001 2
2014-09-17 -6001 4
2014-09-14 -6001 5
2014-09-11 -6001 1
2014-09-10 -6001 1
2014-09-09 -6001 4
2014-09-08 -6001 6
2014-09-05 -6001 3
2014-09-04 -6001 3
2014-09-01 -6001 3
2014-08-31 -6001 1
2014-08-30 -6001 3
2014-08-29 -6001 1
2014-08-28 -6001 3
2014-08-26 -6001 5
2014-08-25 -6001 2
2014-08-22 -6001 2
2014-08-21 -6001 1
2014-08-19 -6001 6
2014-08-16 -6001 3
2014-08-14 -6001 5
2014-08-12 -6001 1
2014-08-11 -6001 1
2014-08-10 -6001 1
2014-08-09 -6001 1
2014-08-08 -6001 1
2014-08-06 -6001 6
2014-08-05 -6001 2
2014-08-04 -6001 2
2014-08-02 -6001 2
2014-08-01 -6001 3
2014-07-30 -6001 6
2014-07-29 -6001 2
2014-07-26 -6001 4
2014-07-25 -6001 6
2014-07-24 -6001 2
2014-07-23 -6001 4
2014-07-21 -6001 3
2014-07-20 -6001 5
2014-07-19 -6001 1
2014-07-18 -6001 3
2014-07-17 -6001 5
2014-07-16 -6001 3
2014-10-23 -7001 2954
2014-10-22 -7001 3763
2014-10-21 -7001 3637
2014-10-20 -7001 3544
2014-10-19 -7001 4095
2014-10-18 -7001 3927
2014-10-17 -7001 3045
2014-10-16 -7001 2877
2014-10-15 -7001 2919
2014-10-14 -7001 3126
2014-10-13 -7001 3800
2014-10-12 -7001 4533
2014-10-11 -7001 4733
2014-10-10 -7001 4837
2014-10-09 -7001 5170
2014-10-08 -7001 4554
2014-10-07 -7001 4477
2014-10-06 -7001 6268
2014-10-05 -7001 5316
2014-10-04 -7001 5795
2014-10-03 -7001 5141
2014-10-02 -7001 5260
2014-10-01 -7001 4297
2014-09-29 -7001 3014
2014-09-28 -7001 3920
2014-09-27 -7001 4383
2014-09-26 -7001 3935
2014-09-25 -7001 3835
2014-09-24 -7001 4504
2014-09-23 -7001 4522
2014-09-22 -7001 4482
2014-09-21 -7001 5479
2014-09-20 -7001 4882
2014-09-19 -7001 3880
2014-09-18 -7001 4345
2014-09-17 -7001 4579
2014-09-16 -7001 4501
2014-09-15 -7001 4337
2014-09-14 -7001 5897
2014-09-13 -7001 5183
2014-09-12 -7001 4908
2014-09-11 -7001 4921
2014-09-10 -7001 4554
2014-09-09 -7001 5383
2014-09-08 -7001 6450
2014-09-07 -7001 4938
2014-09-06 -7001 5895
2014-09-05 -7001 5519
2014-09-04 -7001 5338
2014-09-03 -7001 5227
2014-09-02 -7001 4849
2014-09-01 -7001 5022
2014-08-31 -7001 6541
2014-08-30 -7001 6391
2014-08-29 -7001 5791
2014-08-28 -7001 6518
2014-08-27 -7001 6336
2014-08-26 -7001 6905
2014-08-25 -7001 6403
2014-08-24 -7001 7176
2014-08-23 -7001 6213
2014-08-22 -7001 5979
2014-08-21 -7001 5841
2014-08-20 -7001 5644
2014-08-19 -7001 5185
2014-08-18 -7001 4863
2014-08-17 -7001 5320
2014-08-16 -7001 5164
2014-08-15 -7001 4107
2014-08-14 -7001 4603
2014-08-13 -7001 314
2014-08-12 -7001 4361
2014-08-11 -7001 4004
2014-08-10 -7001 4761
2014-08-09 -7001 4729
2014-08-08 -7001 4452
2014-08-07 -7001 4578
2014-08-06 -7001 5574
2014-08-05 -7001 5004
2014-08-04 -7001 4987
2014-08-03 -7001 4709
2014-08-02 -7001 4516
2014-08-01 -7001 5059
2014-07-31 -7001 5318
2014-07-30 -7001 4664
2014-07-29 -7001 4501
2014-07-28 -7001 4485
2014-07-27 -7001 4443
2014-07-26 -7001 4526
2014-07-25 -7001 4243
2014-07-24 -7001 4484
2014-07-23 -7001 4782
2014-07-22 -7001 4319
2014-07-21 -7001 4030
2014-07-20 -7001 4834
2014-07-19 -7001 920
2014-07-18 -7001 4420
2014-07-17 -7001 4640
2014-07-16 -7001 4212
2014-10-23 -7002 3177
2014-10-22 -7002 3096
2014-10-21 -7002 3014
2014-10-20 -7002 2850
2014-10-19 -7002 2759
2014-10-18 -7002 2795
2014-10-17 -7002 2777
2014-10-16 -7002 2757
2014-10-15 -7002 3120
2014-10-14 -7002 2942
2014-10-13 -7002 2935
2014-10-12 -7002 3336
2014-10-11 -7002 3150
2014-10-10 -7002 2818
2014-10-09 -7002 2745
2014-10-08 -7002 2665
2014-10-07 -7002 2572
2014-10-06 -7002 2607
2014-10-05 -7002 2769
2014-10-04 -7002 2472
2014-10-03 -7002 2568
2014-10-02 -7002 2456
2014-10-01 -7002 2204
2014-09-29 -7002 1877
2014-09-28 -7002 2462
2014-09-27 -7002 2514
2014-09-26 -7002 2331
2014-09-25 -7002 2398
2014-09-24 -7002 3029
2014-09-23 -7002 3064
2014-09-22 -7002 2982
2014-09-21 -7002 3297
2014-09-20 -7002 3209
2014-09-19 -7002 3154
2014-09-18 -7002 3440
2014-09-17 -7002 3902
2014-09-16 -7002 3561
2014-09-15 -7002 3545
2014-09-14 -7002 3756
2014-09-13 -7002 3647
2014-09-12 -7002 3492
2014-09-11 -7002 3712
2014-09-10 -7002 4191
2014-09-09 -7002 3644
2014-09-08 -7002 3958
2014-09-07 -7002 3151
2014-09-06 -7002 3859
2014-09-05 -7002 3890
2014-09-04 -7002 3664
2014-09-03 -7002 3669
2014-09-02 -7002 2413
2014-09-01 -7002 1183
2014-08-31 -7002 1175
2014-08-30 -7002 818
2014-08-29 -7002 694
2014-08-28 -7002 624
2014-08-27 -7002 696
2014-08-26 -7002 589
2014-08-25 -7002 516
2014-08-24 -7002 391
2014-08-23 -7002 401
2014-08-22 -7002 445
2014-08-21 -7002 417
2014-08-20 -7002 391
2014-08-19 -7002 431
2014-08-18 -7002 413
2014-08-17 -7002 471
2014-08-16 -7002 452
2014-08-15 -7002 450
2014-08-14 -7002 495
2014-08-13 -7002 44
2014-08-12 -7002 499
2014-08-11 -7002 425
2014-08-10 -7002 428
2014-08-09 -7002 375
2014-08-08 -7002 390
2014-08-07 -7002 491
2014-08-06 -7002 479
2014-08-05 -7002 459
2014-08-04 -7002 523
2014-08-03 -7002 578
2014-08-02 -7002 533
2014-08-01 -7002 505
2014-07-31 -7002 478
2014-07-30 -7002 457
2014-07-29 -7002 535
2014-07-28 -7002 432
2014-07-27 -7002 393
2014-07-26 -7002 427
2014-07-25 -7002 401
2014-07-24 -7002 359
2014-07-23 -7002 292
2014-07-22 -7002 337
2014-07-21 -7002 336
2014-07-20 -7002 355
2014-07-19 -7002 75
2014-07-18 -7002 368
2014-07-17 -7002 350
2014-07-16 -7002 374
2014-09-15 -7003 21
2014-09-14 -7003 43
2014-09-13 -7003 67
2014-09-12 -7003 65
2014-09-11 -7003 60
2014-09-10 -7003 59
2014-09-09 -7003 57
2014-09-08 -7003 70
2014-09-07 -7003 67
2014-09-06 -7003 63
2014-09-05 -7003 84
2014-09-04 -7003 70
2014-09-03 -7003 75
2014-09-02 -7003 75
2014-09-01 -7003 78
2014-08-31 -7003 72
2014-08-30 -7003 77
2014-08-29 -7003 84
2014-08-28 -7003 92
2014-08-27 -7003 79
2014-08-26 -7003 62
2014-08-25 -7003 81
2014-08-24 -7003 71
2014-08-23 -7003 76
2014-08-22 -7003 72
2014-08-21 -7003 74
2014-08-20 -7003 72
2014-08-19 -7003 74
2014-08-18 -7003 80
2014-08-17 -7003 85
2014-08-16 -7003 93
2014-08-15 -7003 79
2014-08-14 -7003 89
2014-08-13 -7003 16
2014-08-12 -7003 89
2014-08-11 -7003 77
2014-08-10 -7003 83
2014-08-09 -7003 75
2014-08-08 -7003 65
2014-08-07 -7003 90
2014-08-06 -7003 87
2014-08-05 -7003 98
2014-08-04 -7003 85
2014-08-03 -7003 79
2014-08-02 -7003 71
2014-08-01 -7003 90
2014-07-31 -7003 89
2014-07-30 -7003 92
2014-07-29 -7003 84
2014-07-28 -7003 85
2014-07-27 -7003 90
2014-07-26 -7003 87
2014-07-25 -7003 88
2014-07-24 -7003 91
2014-07-23 -7003 78
2014-07-22 -7003 102
2014-07-21 -7003 113
2014-07-20 -7003 102
2014-07-19 -7003 29
2014-07-18 -7003 107
2014-07-17 -7003 91
2014-07-16 -7003 86
2014-10-23 -8002 9178
2014-10-22 -8002 8703
2014-10-21 -8002 8189
2014-10-20 -8002 8157
2014-10-19 -8002 8508
2014-10-18 -8002 9111
2014-10-17 -8002 8197
2014-10-16 -8002 9063
2014-10-15 -8002 9830
2014-10-14 -8002 9951
2014-10-13 -8002 10307
2014-10-12 -8002 11234
2014-10-11 -8002 11556
2014-10-10 -8002 10503
2014-10-09 -8002 11027
2014-10-08 -8002 10704
2014-10-07 -8002 10766
2014-10-06 -8002 10967
2014-10-05 -8002 11036
2014-10-04 -8002 10884
2014-10-03 -8002 10280
2014-10-02 -8002 10298
2014-10-01 -8002 10290
2014-09-29 -8002 7851
2014-09-28 -8002 10778
2014-09-27 -8002 10834
2014-09-26 -8002 10887
2014-09-25 -8002 11777
2014-09-24 -8002 12754
2014-09-23 -8002 12048
2014-09-22 -8002 11117
2014-09-21 -8002 12205
2014-09-20 -8002 12001
2014-09-19 -8002 12124
2014-09-18 -8002 12853
2014-09-17 -8002 13361
2014-09-16 -8002 12540
2014-09-15 -8002 12598
2014-09-14 -8002 12842
2014-09-13 -8002 13210
2014-09-12 -8002 12270
2014-09-11 -8002 12000
2014-09-10 -8002 12756
2014-09-09 -8002 11842
2014-09-08 -8002 11790
2014-09-07 -8002 10784
2014-09-06 -8002 12113
2014-09-05 -8002 11866
2014-09-04 -8002 12268
2014-09-03 -8002 12203
2014-09-02 -8002 11915
2014-09-01 -8002 11096
2014-08-31 -8002 11278
2014-08-30 -8002 11203
2014-08-29 -8002 11131
2014-08-28 -8002 11495
2014-08-27 -8002 11905
2014-08-26 -8002 12726
2014-08-25 -8002 12615
2014-08-24 -8002 13171
2014-08-23 -8002 13195
2014-08-22 -8002 12825
2014-08-21 -8002 16796
2014-08-20 -8002 20384
2014-08-19 -8002 22440
2014-08-18 -8002 27900
2014-08-17 -8002 36156
2014-08-16 -8002 36428
2014-08-15 -8002 35331
2014-08-14 -8002 39600
2014-08-13 -8002 2552
2014-08-12 -8002 47234
2014-08-11 -8002 46297
2014-08-10 -8002 52467
2014-08-09 -8002 53372
2014-08-08 -8002 62608
2014-08-07 -8002 68238
2014-08-06 -8002 91396
2014-08-05 -8002 121935
2014-08-04 -8002 127605
2014-08-03 -8002 140458
2014-08-02 -8002 125618
2014-08-01 -8002 133271
2014-07-31 -8002 140005
2014-07-30 -8002 148831
2014-07-29 -8002 140887
2014-07-28 -8002 141878
2014-07-27 -8002 143566
2014-07-26 -8002 141363
2014-07-25 -8002 144274
2014-07-24 -8002 149675
2014-07-23 -8002 145447
2014-07-22 -8002 150138
2014-07-21 -8002 153981
2014-07-20 -8002 160225
2014-07-19 -8002 23992
2014-07-18 -8002 145769
2014-07-17 -8002 159114
2014-07-16 -8002 158325
2014-10-22 -8003 1
2014-10-21 -8003 2
2014-10-20 -8003 1
2014-10-18 -8003 2
2014-10-17 -8003 2
2014-10-16 -8003 2
2014-10-15 -8003 13
2014-10-14 -8003 3
2014-10-13 -8003 12
2014-10-12 -8003 32
2014-10-11 -8003 19
2014-10-10 -8003 25
2014-10-09 -8003 21
2014-10-08 -8003 17
2014-10-07 -8003 8
2014-10-06 -8003 50
2014-10-05 -8003 37
2014-10-04 -8003 6
2014-10-03 -8003 11
2014-10-02 -8003 9
2014-10-01 -8003 14
2014-09-29 -8003 13
2014-09-28 -8003 10
2014-09-27 -8003 13
2014-09-26 -8003 5
2014-09-24 -8003 26
2014-09-23 -8003 20
2014-09-22 -8003 10
2014-09-21 -8003 8
2014-09-20 -8003 10
2014-09-19 -8003 6
2014-09-18 -8003 8
2014-09-17 -8003 20
2014-09-16 -8003 6
2014-09-15 -8003 6
2014-09-14 -8003 6
2014-09-13 -8003 8
2014-09-12 -8003 10
2014-09-11 -8003 9
2014-09-10 -8003 17
2014-09-09 -8003 6
2014-09-08 -8003 15
2014-09-07 -8003 11
2014-09-06 -8003 13
2014-09-05 -8003 11
2014-09-04 -8003 2
2014-09-03 -8003 16
2014-09-02 -8003 9
2014-09-01 -8003 1
2014-08-31 -8003 6
2014-08-30 -8003 15
2014-08-29 -8003 8
2014-08-28 -8003 1
2014-08-27 -8003 1
2014-08-26 -8003 2
2014-08-25 -8003 5
2014-08-23 -8003 6
2014-08-22 -8003 10
2014-08-21 -8003 2
2014-08-19 -8003 4
2014-08-18 -8003 3
2014-08-17 -8003 6
2014-08-16 -8003 2
2014-08-15 -8003 6
2014-08-14 -8003 3
2014-08-12 -8003 4
2014-08-11 -8003 5
2014-08-10 -8003 3
2014-08-09 -8003 7
2014-08-08 -8003 2
2014-08-07 -8003 1
2014-08-06 -8003 3
2014-08-05 -8003 12
2014-08-04 -8003 2
2014-08-03 -8003 5
2014-08-02 -8003 5
2014-08-01 -8003 1
2014-07-30 -8003 5
2014-07-29 -8003 4
2014-07-28 -8003 7
2014-07-27 -8003 1
2014-07-26 -8003 4
2014-07-25 -8003 4
2014-07-24 -8003 2
2014-07-21 -8003 1
2014-07-20 -8003 4
2014-07-19 -8003 3
2014-07-18 -8003 3
2014-07-17 -8003 2
2014-07-16 -8003 13
2014-10-23 -9000 824
2014-10-22 -9000 944
2014-10-21 -9000 1322
2014-10-20 -9000 1104
2014-10-19 -9000 1787
2014-10-18 -9000 2259
2014-10-17 -9000 2531
2014-10-16 -9000 4817
2014-10-15 -9000 12910
2014-10-14 -9000 2166
2014-10-13 -9000 456
2014-10-12 -9000 226
2014-10-11 -9000 371
2014-10-10 -9000 190
2014-10-09 -9000 201
2014-10-08 -9000 189
2014-10-07 -9000 108
2014-10-06 -9000 106
2014-10-05 -9000 145
2014-10-04 -9000 190
2014-10-03 -9000 130
2014-10-02 -9000 222
2014-10-01 -9000 160
2014-09-29 -9000 232
2014-09-28 -9000 384
2014-09-27 -9000 464
2014-09-26 -9000 608
2014-09-25 -9000 562
2014-09-24 -9000 999
2014-09-23 -9000 1487
2014-09-22 -9000 1487
2014-09-21 -9000 1608
2014-09-20 -9000 1665
2014-09-19 -9000 2047
2014-09-18 -9000 1622
2014-09-17 -9000 1880
2014-09-16 -9000 1732
2014-09-15 -9000 1657
2014-09-14 -9000 1902
2014-09-13 -9000 1607
2014-09-12 -9000 1618
2014-09-11 -9000 1551
2014-09-10 -9000 1496
2014-09-09 -9000 1486
2014-09-08 -9000 2119
2014-09-07 -9000 1132
2014-09-06 -9000 1341
2014-09-05 -9000 1365
2014-09-04 -9000 1187
2014-09-03 -9000 1070
2014-09-02 -9000 876
2014-09-01 -9000 704
2014-08-31 -9000 361
2014-08-30 -9000 125
2014-08-29 -9000 145
2014-08-28 -9000 228
2014-08-27 -9000 1870
2014-08-26 -9000 3301
2014-08-25 -9000 3559
2014-08-24 -9000 3379
2014-08-23 -9000 3143
2014-08-22 -9000 3127
2014-08-21 -9000 3511
2014-08-20 -9000 3698
2014-08-19 -9000 3753
2014-08-18 -9000 3694
2014-08-17 -9000 3326
2014-08-16 -9000 3546
2014-08-15 -9000 3859
2014-08-14 -9000 3542
2014-08-13 -9000 113
2014-08-12 -9000 3317
2014-08-11 -9000 3748
2014-08-10 -9000 3624
2014-08-09 -9000 3620
2014-08-08 -9000 4310
2014-08-07 -9000 3858
2014-08-06 -9000 4018
2014-08-05 -9000 3801
2014-08-04 -9000 4045
2014-08-03 -9000 4035
2014-08-02 -9000 3898
2014-08-01 -9000 4408
2014-07-31 -9000 4595
2014-07-30 -9000 5062
2014-07-29 -9000 4648
2014-07-28 -9000 4389
2014-07-27 -9000 3875
2014-07-26 -9000 3561
2014-07-25 -9000 4153
2014-07-24 -9000 4749
2014-07-23 -9000 4419
2014-07-22 -9000 4586
2014-07-21 -9000 4310
2014-07-20 -9000 4712
2014-07-19 -9000 1040
2014-07-18 -9000 4921
2014-07-17 -9000 5178
2014-07-16 -9000 5296
2014-09-24 -9003 19
2014-09-21 -9003 4
2014-09-04 -9003 2
2014-07-22 -9003 1
2014-10-23 -9010 3
2014-10-21 -9010 1
2014-10-20 -9010 2
2014-10-18 -9010 2
2014-10-17 -9010 1
2014-10-16 -9010 3
2014-10-15 -9010 4
2014-10-14 -9010 1
2014-10-13 -9010 3
2014-10-11 -9010 2
2014-10-08 -9010 1
2014-10-07 -9010 2
2014-10-06 -9010 1
2014-10-04 -9010 2
2014-10-03 -9010 3
2014-10-01 -9010 2
2014-09-27 -9010 1
2014-09-25 -9010 1
2014-09-24 -9010 2
2014-09-22 -9010 6
2014-09-19 -9010 12
2014-09-18 -9010 1
2014-09-17 -9010 22
2014-10-23 -9011 3
2014-10-22 -9011 2
2014-10-20 -9011 6
2014-10-19 -9011 6
2014-10-18 -9011 2
2014-10-17 -9011 3
2014-10-16 -9011 3
2014-10-13 -9011 1
2014-10-12 -9011 6
2014-10-11 -9011 6
2014-10-10 -9011 28
2014-10-08 -9011 6
2014-10-07 -9011 3
2014-10-06 -9011 2
2014-10-04 -9011 11
2014-10-03 -9011 2
2014-10-02 -9011 1
2014-10-01 -9011 4
2014-09-29 -9011 2
2014-09-27 -9011 1
2014-09-26 -9011 6
2014-09-25 -9011 1
2014-09-24 -9011 3
2014-09-23 -9011 1
2014-09-22 -9011 3
2014-09-21 -9011 4
2014-09-20 -9011 2
2014-09-19 -9011 1
2014-09-18 -9011 8
2014-09-17 -9011 1
2014-09-16 -9011 2
2014-09-15 -9011 2
2014-09-14 -9011 5
2014-09-13 -9011 1
2014-09-12 -9011 7
2014-09-11 -9011 3
2014-09-10 -9011 11
2014-09-09 -9011 6
2014-09-08 -9011 2
2014-09-07 -9011 3
2014-09-06 -9011 5
2014-09-05 -9011 6
2014-09-04 -9011 4
2014-09-03 -9011 1
2014-09-02 -9011 1
2014-09-01 -9011 7
2014-08-31 -9011 2
2014-08-30 -9011 3
2014-08-29 -9011 3
2014-08-28 -9011 10
2014-08-27 -9011 1
2014-08-26 -9011 8
2014-08-25 -9011 5
2014-08-24 -9011 6
2014-08-23 -9011 4
2014-08-22 -9011 5
2014-08-21 -9011 3
2014-08-20 -9011 3
2014-08-19 -9011 4
2014-08-18 -9011 5
2014-08-17 -9011 3
2014-08-16 -9011 5
2014-08-15 -9011 5
2014-08-14 -9011 6
2014-08-13 -9011 3
2014-08-12 -9011 12
2014-08-11 -9011 16
2014-08-10 -9011 10
2014-08-09 -9011 6
2014-08-08 -9011 4
2014-08-07 -9011 6
2014-08-06 -9011 16
2014-08-05 -9011 6
2014-08-04 -9011 5
2014-08-03 -9011 1
2014-08-02 -9011 4
2014-08-01 -9011 4
2014-07-31 -9011 3
2014-07-30 -9011 2
2014-07-28 -9011 2
2014-07-27 -9011 4
2014-07-26 -9011 2
2014-07-25 -9011 6
2014-07-24 -9011 2
2014-07-23 -9011 6
2014-07-22 -9011 3
2014-07-21 -9011 5
2014-07-20 -9011 2
2014-07-18 -9011 3
2014-07-17 -9011 2
2014-07-17 -9012 1
2014-10-23 -9013 1
2014-10-22 -9013 3
2014-10-21 -9013 1
2014-10-20 -9013 1
2014-10-19 -9013 3
2014-10-18 -9013 2
2014-10-16 -9013 4
2014-10-15 -9013 4
2014-10-12 -9013 1
2014-10-05 -9013 1
2014-09-22 -9013 1
2014-09-19 -9013 1
2014-09-15 -9013 1
2014-09-08 -9013 1
2014-08-22 -9013 1
2014-08-20 -9013 1
2014-08-19 -9013 1
2014-08-14 -9013 1
2014-08-11 -9013 2
2014-08-01 -9013 1
2014-07-31 -9013 1
2014-07-22 -9013 5
2014-07-21 -9013 1
2014-10-23 -9024 2099
2014-10-22 -9024 2111
2014-10-21 -9024 1876
2014-10-20 -9024 1944
2014-10-19 -9024 1873
2014-10-18 -9024 2246
2014-10-17 -9024 3503
2014-10-16 -9024 3428
2014-10-15 -9024 4461
2014-10-14 -9024 8987
2014-10-13 -9024 3190
2014-10-12 -9024 3858
2014-10-11 -9024 3759
2014-10-10 -9024 3575
2014-10-09 -9024 3687
2014-10-08 -9024 3333
2014-10-07 -9024 5337
2014-10-06 -9024 2990
2014-10-05 -9024 2908
2014-10-04 -9024 2806
2014-10-03 -9024 2574
2014-10-02 -9024 2568
2014-10-01 -9024 2760
2014-09-29 -9024 1829
2014-09-28 -9024 2653
2014-09-27 -9024 2670
2014-09-26 -9024 2523
2014-09-25 -9024 2621
2014-09-24 -9024 2903
2014-09-23 -9024 2820
2014-09-22 -9024 2690
2014-09-21 -9024 2828
2014-09-20 -9024 2698
2014-09-19 -9024 2753
2014-09-18 -9024 2933
2014-09-17 -9024 3420
2014-09-16 -9024 3478
2014-09-15 -9024 2986
2014-09-14 -9024 3271
2014-09-13 -9024 3455
2014-09-12 -9024 3095
2014-09-11 -9024 3340
2014-09-10 -9024 5075
2014-09-09 -9024 3630
2014-09-08 -9024 3280
2014-09-07 -9024 2904
2014-09-06 -9024 3392
2014-09-05 -9024 3522
2014-09-04 -9024 3503
2014-09-03 -9024 3366
2014-09-02 -9024 3041
2014-09-01 -9024 2544
2014-08-31 -9024 2727
2014-08-30 -9024 2881
2014-08-29 -9024 2690
2014-08-28 -9024 2763
2014-08-27 -9024 3160
2014-08-26 -9024 3092
2014-08-25 -9024 2958
2014-08-24 -9024 3158
2014-08-23 -9024 2999
2014-08-22 -9024 2899
2014-08-21 -9024 3247
2014-08-20 -9024 3303
2014-08-19 -9024 3424
2014-08-18 -9024 3407
2014-08-17 -9024 3430
2014-08-16 -9024 4159
2014-08-15 -9024 3241
2014-08-14 -9024 3910
2014-08-13 -9024 137
2014-08-12 -9024 4118
2014-08-11 -9024 4286
2014-08-10 -9024 4094
2014-08-09 -9024 4405
2014-08-08 -9024 4711
2014-08-07 -9024 4299
2014-08-06 -9024 4744
2014-08-05 -9024 4681
2014-08-04 -9024 5052
2014-08-03 -9024 4794
2014-08-02 -9024 4674
2014-08-01 -9024 5291
2014-07-31 -9024 5267
2014-07-30 -9024 5094
2014-07-29 -9024 5147
2014-07-28 -9024 4715
2014-07-27 -9024 4832
2014-07-26 -9024 4676
2014-07-25 -9024 5098
2014-07-24 -9024 2333
2014-09-11 -9031 15
2014-09-03 -9031 4
2014-08-28 -9031 5
2014-08-25 -9031 3
2014-10-22 -9032 1
2014-10-18 -9032 1
2014-10-15 -9032 1
2014-10-10 -9032 1
2014-10-09 -9032 1
2014-10-01 -9032 1
2014-09-14 -9032 1
2014-09-04 -9032 1
2014-10-22 -9035 1
2014-10-18 -9035 1
2014-10-15 -9035 1
2014-10-10 -9035 1
2014-10-09 -9035 1
2014-10-01 -9035 1
2014-09-14 -9035 1
2014-09-04 -9035 1
2014-08-27 -9035 7
2014-10-23 -9036 2
2014-10-22 -9036 5
2014-10-21 -9036 3
2014-10-20 -9036 3
2014-10-19 -9036 4
2014-10-18 -9036 3
2014-10-17 -9036 5
2014-10-16 -9036 3
2014-10-15 -9036 9
2014-10-14 -9036 2
2014-10-13 -9036 4
2014-10-12 -9036 4
2014-10-10 -9036 2
2014-10-09 -9036 1
2014-10-07 -9036 1
2014-10-03 -9036 3
2014-10-02 -9036 2
2014-10-01 -9036 1
2014-09-25 -9036 1
2014-09-24 -9036 1
2014-09-23 -9036 2
2014-09-22 -9036 1
2014-09-09 -9036 2
2014-09-08 -9036 1
2014-09-05 -9036 1
2014-09-03 -9036 1
2014-08-31 -9036 1
2014-08-30 -9036 1
2014-08-29 -9036 1
2014-08-28 -9036 2
2014-10-22 -9037 1
2014-10-13 -9037 7
2014-10-10 -9037 2
2014-10-09 -9037 1
2014-08-22 -9037 1
2014-09-24 -9038 3
2014-10-23 -9050 1
2014-10-22 -9050 1
2014-10-20 -9050 3
2014-10-17 -9050 1
2014-10-16 -9050 6
2014-10-14 -9050 1
2014-10-07 -9050 1
2014-09-13 -9050 2
2014-08-31 -9050 1
2014-08-22 -9050 1
2014-10-23 -9051 2
2014-10-22 -9051 9
2014-10-20 -9051 15
2014-10-19 -9051 1
2014-10-18 -9051 9
2014-10-17 -9051 27
2014-10-16 -9051 6
2014-10-15 -9051 28
2014-10-14 -9051 11
2014-10-13 -9051 3
2014-10-11 -9051 1
2014-10-09 -9051 6
2014-10-06 -9051 8
2014-10-05 -9051 5
2014-09-25 -9051 1
2014-09-24 -9051 1
2014-09-20 -9051 1
2014-09-16 -9051 4
2014-09-13 -9051 1
2014-09-11 -9051 3
2014-09-09 -9051 1
2014-09-08 -9051 7
2014-09-06 -9051 9
2014-08-30 -9051 8
2014-08-25 -9051 1
2014-08-22 -9051 1
2014-10-23 -9060 12
2014-10-22 -9060 16
2014-10-21 -9060 13
2014-10-20 -9060 24
2014-10-19 -9060 13
2014-10-18 -9060 8
2014-10-17 -9060 12
2014-10-16 -9060 18
2014-10-15 -9060 25
2014-10-14 -9060 21
2014-10-13 -9060 19
2014-10-12 -9060 51
2014-10-11 -9060 41
2014-10-10 -9060 31
2014-10-09 -9060 32
2014-10-08 -9060 16
2014-10-07 -9060 31
2014-10-06 -9060 24
2014-10-05 -9060 24
2014-10-04 -9060 20
2014-10-03 -9060 36
2014-10-02 -9060 34
2014-10-01 -9060 18
2014-09-29 -9060 36
2014-09-28 -9060 29
2014-09-27 -9060 114
2014-09-26 -9060 8
2014-10-19 -9061 8
2014-10-18 -9061 3
2014-10-17 -9061 6
2014-10-12 -9061 27
2014-10-11 -9061 5
2014-10-10 -9061 6
2014-10-09 -9061 4
2014-10-05 -9061 46
2014-10-04 -9061 29
2014-10-03 -9061 3
2014-10-02 -9061 3
2014-09-20 -9110 1
2014-08-29 -9110 1
2014-10-23 1000 2597654
2014-10-22 1000 2526914
2014-10-21 1000 2454647
2014-10-20 1000 2363669
2014-10-19 1000 2596418
2014-10-18 1000 2466667
2014-10-17 1000 2283226
2014-10-16 1000 2336190
2014-10-15 1000 2401089
2014-10-14 1000 2526889
2014-10-13 1000 2782077
2014-10-12 1000 3331899
2014-10-11 1000 3116309
2014-10-10 1000 2980393
2014-10-09 1000 3003605
2014-10-08 1000 2999568
2014-10-07 1000 3137592
2014-10-06 1000 3383262
2014-10-05 1000 3335830
2014-10-04 1000 3242673
2014-10-03 1000 3019088
2014-10-02 1000 3139275
2014-10-01 1000 2997818
2014-09-29 1000 2049965
2014-09-28 1000 2959706
2014-09-27 1000 3042655
2014-09-26 1000 2984905
2014-09-25 1000 3015535
2014-09-24 1000 3399688
2014-09-23 1000 3194028
2014-09-22 1000 2853606
2014-09-21 1000 3284450
2014-09-20 1000 3167094
2014-09-19 1000 2931729
2014-09-18 1000 3132649
2014-09-17 1000 3339332
2014-09-16 1000 3277303
2014-09-15 1000 3146716
2014-09-14 1000 3606459
2014-09-13 1000 3229908
2014-09-12 1000 3163803
2014-09-11 1000 3297425
2014-09-10 1000 3531531
2014-09-09 1000 3460545
2014-09-08 1000 3500999
2014-09-07 1000 3074520
2014-09-06 1000 3710649
2014-09-05 1000 3638513
2014-09-04 1000 3583558
2014-09-03 1000 3574876
2014-09-02 1000 3410105
2014-09-01 1000 3170945
2014-08-31 1000 3292797
2014-08-30 1000 3273088
2014-08-29 1000 3232798
2014-08-28 1000 3387549
2014-08-27 1000 3363905
2014-08-26 1000 3538484
2014-08-25 1000 3349449
2014-08-24 1000 3479313
2014-08-23 1000 3324946
2014-08-22 1000 3354417
2014-08-21 1000 3427441
2014-08-20 1000 3382677
2014-08-19 1000 3424413
2014-08-18 1000 3457876
2014-08-17 1000 3596000
2014-08-16 1000 3517425
2014-08-15 1000 3290855
2014-08-14 1000 3430480
2014-08-13 1000 207283
2014-08-12 1000 3648095
2014-08-11 1000 3571619
2014-08-10 1000 3809713
2014-08-09 1000 3716145
2014-08-08 1000 3659562
2014-08-07 1000 3865564
2014-08-06 1000 4006571
2014-08-05 1000 3851702
2014-08-04 1000 4077635
2014-08-03 1000 4031184
2014-08-02 1000 3807350
2014-08-01 1000 4092498
2014-07-31 1000 4202975
2014-07-30 1000 4307421
2014-07-29 1000 4286478
2014-07-28 1000 4009892
2014-07-27 1000 4147209
2014-07-26 1000 3969119
2014-07-25 1000 4067881
2014-07-24 1000 4364327
2014-07-23 1000 4251786
2014-07-22 1000 4511505
2014-07-21 1000 4560028
2014-07-20 1000 4708613
2014-07-19 1000 721297
2014-07-18 1000 4487299
2014-07-17 1000 4684655
2014-07-16 1000 4642000
